--USER 

INSERT INTO "User" (Login_ID, Name, Password, Email) VALUES (56426096, 'Genni', 'aR0,$HgL)', 'gstefi0@friendfeed.com');
INSERT INTO "User" (Login_ID, Name, Password, Email) VALUES (24722292, 'Jard', '"pC3~Q""MeLlLE\,d"', 'jsadler1@eepurl.com');
INSERT INTO "User" (Login_ID, Name, Password, Email) VALUES (95037312, 'Phylys', 'hT1}Oz%y)N', 'pfirsby2@comcast.net');
INSERT INTO "User" (Login_ID, Name, Password, Email) VALUES (37513341, 'Dulcea', 'fQ6+a`!XQJ', 'dpotter3@bloglovin.com');
INSERT INTO "User" (Login_ID, Name, Password, Email) VALUES (65469628, 'Rodrigo', 'mE3!sVcx{0sjHa', 'rcarle4@europa.eu');
INSERT INTO "User" (Login_ID, Name, Password, Email) VALUES (19925288, 'Jefferey', 'yN3{bRIwpOy', 'jroocroft5@virginia.edu');
INSERT INTO "User" (Login_ID, Name, Password, Email) VALUES (51737445, 'Marti', 'rA6+#~roR<vTKcl', 'mmorl6@disqus.com');
INSERT INTO "User" (Login_ID, Name, Password, Email) VALUES (30324430, 'Lamond', 'dN1$gHvA(x', 'lvarvell7@storify.com');
INSERT INTO "User" (Login_ID, Name, Password, Email) VALUES (85893411, 'Eduardo', 'vY9*p<)(\z', 'erockhill8@4shared.com');
INSERT INTO "User" (Login_ID, Name, Password, Email) VALUES (81876435, 'Alikee', 'lP0#xq3Xu', 'alanglais9@canalblog.com');
INSERT INTO "User" (Login_ID, Name, Password, Email) VALUES (53976275, 'Daffie', '"dQ6!$~5t""~/G"', 'dzoellnera@cmu.edu');
INSERT INTO "User" (Login_ID, Name, Password, Email) VALUES (28775470, 'Austen', '"kW9>_SM""5a4C*0"', 'aaccumb@archive.org');
INSERT INTO "User" (Login_ID, Name, Password, Email) VALUES (28411048, 'Greggory', 'iZ5>O1gMUOG~', 'ghalegarthc@buzzfeed.com');
INSERT INTO "User" (Login_ID, Name, Password, Email) VALUES (25061983, 'Renata', 'hB3.H5hHu~US#', 'rvassied@newsvine.com');
INSERT INTO "User" (Login_ID, Name, Password, Email) VALUES (53499276, 'Val', 'mM0&{v~!%ih', 'vstorre@elpais.com');
INSERT INTO "User" (Login_ID, Name, Password, Email) VALUES (86886777, 'Maxy', 'nY6_!aAaC', 'mpinelf@g.co');
INSERT INTO "User" (Login_ID, Name, Password, Email) VALUES (17817579, 'Allison', 'vS2*zw#\KbU</', 'aboweryg@wikimedia.org');
INSERT INTO "User" (Login_ID, Name, Password, Email) VALUES (56315906, 'Ward', 'lI7}4@%NEL0@9', 'wmacpadeneh@va.gov');
INSERT INTO "User" (Login_ID, Name, Password, Email) VALUES (37865920, 'Sela', 'lI5\zlT353Sf', 'smobleyi@sohu.com');
INSERT INTO "User" (Login_ID, Name, Password, Email) VALUES (98135231, 'Eleanora', 'eD3@iLbmCDkAH', 'eraywoodj@seesaa.net');
INSERT INTO "User" (Login_ID, Name, Password, Email) VALUES (99333102, 'Torin', 'dY0~k\Og', 'tarmfieldk@senate.gov');
INSERT INTO "User" (Login_ID, Name, Password, Email) VALUES (65698771, 'Anya', 'fF3/}rl/iG', 'amartinollil@fda.gov');
INSERT INTO "User" (Login_ID, Name, Password, Email) VALUES (32118456, 'Kirby', '"pD4~%Gw$g,Rq5VI"""', 'ksavaagem@dell.com');
INSERT INTO "User" (Login_ID, Name, Password, Email) VALUES (48844006, 'Hakim', 'iL8}N.P>~}sN*c#}', 'haringtonn@slashdot.org');
INSERT INTO "User" (Login_ID, Name, Password, Email) VALUES (51401436, 'Gretal', '"xN4_IH\W./""3S"', 'ggouldstoneo@indiatimes.com');
INSERT INTO "User" (Login_ID, Name, Password, Email) VALUES (20646905, 'Nert', 'rA3>(Oq6d63W2>ad', 'ndunthornp@google.com');
INSERT INTO "User" (Login_ID, Name, Password, Email) VALUES (31710830, 'Revkah', 'rY8~HDjrLB>Z', 'rbeerntq@utexas.edu');
INSERT INTO "User" (Login_ID, Name, Password, Email) VALUES (66590889, 'Sheffy', 'iC3*k/`uK&_JL3p', 'sswindonr@icio.us');
INSERT INTO "User" (Login_ID, Name, Password, Email) VALUES (75758482, 'Bradford', 'bB1$!M,1tK24Y#', 'bstruts@squarespace.com');
INSERT INTO "User" (Login_ID, Name, Password, Email) VALUES (40519969, 'Laverne', 'wT7|YS2xRsy', 'lsobtkat@ebay.com');
INSERT INTO "User" (Login_ID, Name, Password, Email) VALUES (25617750, 'Dyana', 'kT0|%b(FI', 'dgolledgeu@google.ca');
INSERT INTO "User" (Login_ID, Name, Password, Email) VALUES (42122149, 'Zacherie', 'gN7<%YIu{nf<', 'zphilpotv@vimeo.com');
INSERT INTO "User" (Login_ID, Name, Password, Email) VALUES (77680349, 'Kathrine', 'oJ9+oCLn2wlwC', 'kvowellw@google.co.uk');
INSERT INTO "User" (Login_ID, Name, Password, Email) VALUES (11456253, 'Obed', 'xM0>LU6M', 'orallinx@sina.com.cn');
INSERT INTO "User" (Login_ID, Name, Password, Email) VALUES (86462169, 'Ami', 'xK1,H~C#W', 'alestrangey@yelp.com');
INSERT INTO "User" (Login_ID, Name, Password, Email) VALUES (46734301, 'Joli', 'qS9{L*{g', 'jbwyz@shutterfly.com');
INSERT INTO "User" (Login_ID, Name, Password, Email) VALUES (89084267, 'Lynsey', 'tA9|xl.W~j', 'lgrimsdith10@si.edu');
INSERT INTO "User" (Login_ID, Name, Password, Email) VALUES (30820148, 'Hubert', 'nQ3+LocNKc#', 'hcaltun11@barnesandnoble.com');
INSERT INTO "User" (Login_ID, Name, Password, Email) VALUES (19964880, 'Katrinka', 'mS7(2op6SR6iE\9', 'kbladge12@newsvine.com');
INSERT INTO "User" (Login_ID, Name, Password, Email) VALUES (91648372, 'Sharia', 'vP4$6n36%Y', 'svampouille13@geocities.jp');
INSERT INTO "User" (Login_ID, Name, Password, Email) VALUES (13217079, 'Phillida', '"dK6*YU0=w`Gf""`"', 'phache14@surveymonkey.com');
INSERT INTO "User" (Login_ID, Name, Password, Email) VALUES (31865361, 'Cosimo', '"xC5(""aWsAgcaBM"', 'cskelcher15@java.com');
INSERT INTO "User" (Login_ID, Name, Password, Email) VALUES (70603301, 'Kandy', 'dA8@q<jADRI', 'keverton16@geocities.jp');
INSERT INTO "User" (Login_ID, Name, Password, Email) VALUES (93196758, 'Rikki', 'wA3>u.dI,qSOZF', 'rtanguy17@fastcompany.com');
INSERT INTO "User" (Login_ID, Name, Password, Email) VALUES (28939162, 'Terrie', 'cG1#\?ax=p}r', 'tyashaev18@storify.com');
INSERT INTO "User" (Login_ID, Name, Password, Email) VALUES (68478288, 'Bryanty', 'jB1{08B`lf&', 'bemor19@microsoft.com');
INSERT INTO "User" (Login_ID, Name, Password, Email) VALUES (40236454, 'Joe', 'gW0(Ggg#w\2L5\(n', 'jmuscroft1a@skyrock.com');
INSERT INTO "User" (Login_ID, Name, Password, Email) VALUES (66442759, 'Corly', 'wJ6#Ovbj', 'cescreet1b@cam.ac.uk');
INSERT INTO "User" (Login_ID, Name, Password, Email) VALUES (28353600, 'Rhody', 'lR8<~0u|J(9U', 'rmarder1c@merriam-webster.com');
INSERT INTO "User" (Login_ID, Name, Password, Email) VALUES (15826554, 'Garret', 'sY1_8O4!$,', 'gniesel1d@bloglovin.com');

--Admin
INSERT INTO Admin (Login_ID) VALUES (56426096);
INSERT INTO Admin (Login_ID) VALUES (24722292);
INSERT INTO Admin (Login_ID) VALUES (95037312);
INSERT INTO Admin (Login_ID) VALUES (37513341);
INSERT INTO Admin (Login_ID) VALUES (65469628);
INSERT INTO Admin (Login_ID) VALUES (19925288);
INSERT INTO Admin (Login_ID) VALUES (51737445);
INSERT INTO Admin (Login_ID) VALUES (30324430);
INSERT INTO Admin (Login_ID) VALUES (85893411);


--Trader
INSERT INTO Trader (Login_ID, Profile_Picture, Address, PAN_No, Mobile_NO, Type, Wallet_Amount) VALUES (56426096, 'dddddd000000', '99 Debs Place', 'CQQUH2015G', '+46 979 875 8279', 'Standard', 3722339.7);
INSERT INTO Trader (Login_ID, Profile_Picture, Address, PAN_No, Mobile_NO, Type, Wallet_Amount) VALUES (24722292, 'dddddd000000', '23414 Aberg Center', 'XCONG6523B', '+48 670 743 3359', 'Premium', 2135289.63);
INSERT INTO Trader (Login_ID, Profile_Picture, Address, PAN_No, Mobile_NO, Type, Wallet_Amount) VALUES (95037312, 'cc0000ffffff', '7 Corscot Center', 'DUJNO0030C', '+420 605 259 1400', 'Standard', 1602573.91);
INSERT INTO Trader (Login_ID, Profile_Picture, Address, PAN_No, Mobile_NO, Type, Wallet_Amount) VALUES (37513341, '5fa2ddffffff', '85610 Doe Crossing Drive', 'YFJNN4213L', '+81 937 541 7723', 'Premium', 4944426.78);
INSERT INTO Trader (Login_ID, Profile_Picture, Address, PAN_No, Mobile_NO, Type, Wallet_Amount) VALUES (65469628, 'ff4444ffffff', '4132 Grover Crossing', 'YAXZY0119N', '+86 780 261 5158', 'Standard', 7648318.53);
INSERT INTO Trader (Login_ID, Profile_Picture, Address, PAN_No, Mobile_NO, Type, Wallet_Amount) VALUES (19925288, 'cc0000ffffff', '935 Hansons Street', 'XWCFE8481Z', '+7 762 308 1802', 'Standard', 2454489.42);
INSERT INTO Trader (Login_ID, Profile_Picture, Address, PAN_No, Mobile_NO, Type, Wallet_Amount) VALUES (51737445, 'dddddd000000', '838 Truax Point', 'PZPDK0792I', '+234 622 796 3958', 'Premium', 4155794.29);
INSERT INTO Trader (Login_ID, Profile_Picture, Address, PAN_No, Mobile_NO, Type, Wallet_Amount) VALUES (30324430, '5fa2ddffffff', '6 Westridge Plaza', 'IXTTU1245Y', '+55 220 328 5316', 'Standard', 3016073.38);
INSERT INTO Trader (Login_ID, Profile_Picture, Address, PAN_No, Mobile_NO, Type, Wallet_Amount) VALUES (85893411, 'cc0000ffffff', '91 Basil Lane', 'GAKEL9329N', '+970 232 693 7688', 'Standard', 237412.17);
INSERT INTO Trader (Login_ID, Profile_Picture, Address, PAN_No, Mobile_NO, Type, Wallet_Amount) VALUES (81876435, 'dddddd000000', '74 Marcy Parkway', 'EEXLS7485W', '+57 519 633 6619', 'Standard', 9884291.93);
INSERT INTO Trader (Login_ID, Profile_Picture, Address, PAN_No, Mobile_NO, Type, Wallet_Amount) VALUES (53976275, 'dddddd000000', '2 Talmadge Parkway', 'HRTDM5551I', '+33 741 110 3440', 'Premium', 6407067.02);
INSERT INTO Trader (Login_ID, Profile_Picture, Address, PAN_No, Mobile_NO, Type, Wallet_Amount) VALUES (28775470, 'ff4444ffffff', '15 Warner Street', 'NKBJD8804S', '+49 411 879 8383', 'Premium', 3669518.96);
INSERT INTO Trader (Login_ID, Profile_Picture, Address, PAN_No, Mobile_NO, Type, Wallet_Amount) VALUES (28411048, 'dddddd000000', '3648 West Circle', 'QEDPC6918Z', '+86 317 653 3361', 'Standard', 2274246.8);
INSERT INTO Trader (Login_ID, Profile_Picture, Address, PAN_No, Mobile_NO, Type, Wallet_Amount) VALUES (25061983, 'dddddd000000', '64766 Rowland Crossing', 'ISDZA2724C', '+86 474 536 7654', 'Standard', 9230527.56);
INSERT INTO Trader (Login_ID, Profile_Picture, Address, PAN_No, Mobile_NO, Type, Wallet_Amount) VALUES (53499276, 'cc0000ffffff', '6961 Sutherland Way', 'QTZOW1289C', '+48 441 583 1992', 'Standard', 7118377.22);
INSERT INTO Trader (Login_ID, Profile_Picture, Address, PAN_No, Mobile_NO, Type, Wallet_Amount) VALUES (86886777, 'cc0000ffffff', '04 Quincy Avenue', 'YPBVA2230W', '+48 516 741 1340', 'Standard', 8533325.46);
INSERT INTO Trader (Login_ID, Profile_Picture, Address, PAN_No, Mobile_NO, Type, Wallet_Amount) VALUES (17817579, 'ff4444ffffff', '7 Sherman Circle', 'OCETX1716A', '+351 747 156 6136', 'Standard', 3308746.97);
INSERT INTO Trader (Login_ID, Profile_Picture, Address, PAN_No, Mobile_NO, Type, Wallet_Amount) VALUES (56315906, '5fa2ddffffff', '0948 Waubesa Court', 'EZNQO7633T', '+1 813 919 5973', 'Standard', 7740876.33);
INSERT INTO Trader (Login_ID, Profile_Picture, Address, PAN_No, Mobile_NO, Type, Wallet_Amount) VALUES (37865920, 'cc0000ffffff', '070 La Follette Parkway', 'YWVSG2269N', '+86 311 165 5863', 'Standard', 7394271.75);
INSERT INTO Trader (Login_ID, Profile_Picture, Address, PAN_No, Mobile_NO, Type, Wallet_Amount) VALUES (98135231, 'cc0000ffffff', '5 Ryan Point', 'ECRSN7163U', '+63 105 232 3617', 'Standard', 5127915.12);
INSERT INTO Trader (Login_ID, Profile_Picture, Address, PAN_No, Mobile_NO, Type, Wallet_Amount) VALUES (99333102, '5fa2ddffffff', '54 Chive Crossing', 'AIZQC7285T', '+54 371 707 5075', 'Standard', 1665392.47);
INSERT INTO Trader (Login_ID, Profile_Picture, Address, PAN_No, Mobile_NO, Type, Wallet_Amount) VALUES (65698771, 'ff4444ffffff', '18512 Westport Pass', 'NIIII6912W', '+86 617 715 3508', 'Standard', 3277877.28);
INSERT INTO Trader (Login_ID, Profile_Picture, Address, PAN_No, Mobile_NO, Type, Wallet_Amount) VALUES (32118456, 'ff4444ffffff', '73156 Carpenter Crossing', 'RPWIK8829Z', '+81 696 711 3151', 'Standard', 6080588.95);
INSERT INTO Trader (Login_ID, Profile_Picture, Address, PAN_No, Mobile_NO, Type, Wallet_Amount) VALUES (48844006, 'cc0000ffffff', '0105 Darwin Avenue', 'EBMVZ5085Z', '+7 447 266 3609', 'Standard', 5565529.81);
INSERT INTO Trader (Login_ID, Profile_Picture, Address, PAN_No, Mobile_NO, Type, Wallet_Amount) VALUES (51401436, '5fa2ddffffff', '063 Cody Street', 'TNMHZ4252N', '+380 807 386 2445', 'Premium', 2292197.53);
INSERT INTO Trader (Login_ID, Profile_Picture, Address, PAN_No, Mobile_NO, Type, Wallet_Amount) VALUES (20646905, 'ff4444ffffff', '20612 Pierstorff Road', 'LJYZE4097Y', '+7 846 852 5257', 'Standard', 6152389.71);
INSERT INTO Trader (Login_ID, Profile_Picture, Address, PAN_No, Mobile_NO, Type, Wallet_Amount) VALUES (31710830, 'ff4444ffffff', '4 Ludington Point', 'KBHYO8954U', '+212 806 503 7384', 'Standard', 6454707.22);
INSERT INTO Trader (Login_ID, Profile_Picture, Address, PAN_No, Mobile_NO, Type, Wallet_Amount) VALUES (66590889, 'ff4444ffffff', '825 Mallory Trail', 'CQVDZ8187L', '+62 980 809 3161', 'Standard', 8768506.83);
INSERT INTO Trader (Login_ID, Profile_Picture, Address, PAN_No, Mobile_NO, Type, Wallet_Amount) VALUES (75758482, 'cc0000ffffff', '40584 1st Court', 'LJOGG5405M', '+86 567 245 2044', 'Standard', 1131032.14);
INSERT INTO Trader (Login_ID, Profile_Picture, Address, PAN_No, Mobile_NO, Type, Wallet_Amount) VALUES (40519969, '5fa2ddffffff', '70 Cody Lane', 'LUDCT9992R', '+48 244 229 8351', 'Standard', 5494787.11);
INSERT INTO Trader (Login_ID, Profile_Picture, Address, PAN_No, Mobile_NO, Type, Wallet_Amount) VALUES (25617750, 'ff4444ffffff', '35 Holmberg Drive', 'VLPQZ6955T', '+420 722 773 2325', 'Premium', 4073689.76);
INSERT INTO Trader (Login_ID, Profile_Picture, Address, PAN_No, Mobile_NO, Type, Wallet_Amount) VALUES (42122149, 'cc0000ffffff', '1 Muir Street', 'ZXJSS0636K', '+81 714 363 4087', 'Standard', 7889652.41);
INSERT INTO Trader (Login_ID, Profile_Picture, Address, PAN_No, Mobile_NO, Type, Wallet_Amount) VALUES (77680349, 'ff4444ffffff', '0283 Hoard Court', 'BNKSH7357R', '+591 893 976 4336', 'Standard', 267114.26);
INSERT INTO Trader (Login_ID, Profile_Picture, Address, PAN_No, Mobile_NO, Type, Wallet_Amount) VALUES (11456253, 'ff4444ffffff', '291 Forest Run Junction', 'HAKHC0334S', '+234 364 908 6761', 'Standard', 5062298.57);
INSERT INTO Trader (Login_ID, Profile_Picture, Address, PAN_No, Mobile_NO, Type, Wallet_Amount) VALUES (11456253, 'ff4444ffffff', '291 Forest Run Junction', 'HAKHC0334S', '+234 364 908 6761', 'Standard', 5062298.57);
INSERT INTO Trader (Login_ID, Profile_Picture, Address, PAN_No, Mobile_NO, Type, Wallet_Amount) VALUES (86462169, 'dddddd000000', '0 Nevada Hill', 'XBZBT0581A', '+86 781 824 8821', 'Standard', 3651693.08);
INSERT INTO Trader (Login_ID, Profile_Picture, Address, PAN_No, Mobile_NO, Type, Wallet_Amount) VALUES (46734301, 'cc0000ffffff', '44 Luster Point', 'TRKDI7227B', '+86 698 406 4205', 'Standard', 9039211.03);
INSERT INTO Trader (Login_ID, Profile_Picture, Address, PAN_No, Mobile_NO, Type, Wallet_Amount) VALUES (89084267, '5fa2ddffffff', '94 Norway Maple Drive', 'JJCIU2133N', '+86 306 732 3306', 'Premium', 9021323.86);
INSERT INTO Trader (Login_ID, Profile_Picture, Address, PAN_No, Mobile_NO, Type, Wallet_Amount) VALUES (30820148, '5fa2ddffffff', '4 Thackeray Crossing', 'KNNJK4192X', '+47 767 915 1978', 'Premium', 172120.96);
INSERT INTO Trader (Login_ID, Profile_Picture, Address, PAN_No, Mobile_NO, Type, Wallet_Amount) VALUES (19964880, 'ff4444ffffff', '125 Dorton Crossing', 'WPILV3481P', '+1 321 434 2716', 'Standard', 4970305.83);
INSERT INTO Trader (Login_ID, Profile_Picture, Address, PAN_No, Mobile_NO, Type, Wallet_Amount) VALUES (91648372, 'dddddd000000', '957 Hudson Hill', 'KOPCS1540Q', '+1 309 966 6205', 'Standard', 9874006.14);
INSERT INTO Trader (Login_ID, Profile_Picture, Address, PAN_No, Mobile_NO, Type, Wallet_Amount) VALUES (13217079, '5fa2ddffffff', '0389 Del Sol Hill', 'TGBFW1946I', '+63 351 425 5535', 'Standard', 2454725.82);
INSERT INTO Trader (Login_ID, Profile_Picture, Address, PAN_No, Mobile_NO, Type, Wallet_Amount) VALUES (31865361, '5fa2ddffffff', '70094 Del Mar Trail', 'PIVDC2151X', '+51 319 810 7376', 'Standard', 246833.98);
INSERT INTO Trader (Login_ID, Profile_Picture, Address, PAN_No, Mobile_NO, Type, Wallet_Amount) VALUES (70603301, 'ff4444ffffff', '5 Melrose Park', 'OSMRE3104U', '+236 568 914 9312', 'Standard', 4980391.54);
INSERT INTO Trader (Login_ID, Profile_Picture, Address, PAN_No, Mobile_NO, Type, Wallet_Amount) VALUES (93196758, 'dddddd000000', '05 Esker Drive', 'JPSLB2043Q', '+63 324 728 7494', 'Standard', 605383.56);
INSERT INTO Trader (Login_ID, Profile_Picture, Address, PAN_No, Mobile_NO, Type, Wallet_Amount) VALUES (28939162, 'dddddd000000', '873 Paget Point', 'RRXAS1721R', '+7 973 504 2092', 'Premium', 2262852.73);
INSERT INTO Trader (Login_ID, Profile_Picture, Address, PAN_No, Mobile_NO, Type, Wallet_Amount) VALUES (68478288, 'dddddd000000', '19937 Lunder Drive', 'MZHAR9392J', '+1 585 476 7625', 'Standard', 7204410.24);
INSERT INTO Trader (Login_ID, Profile_Picture, Address, PAN_No, Mobile_NO, Type, Wallet_Amount) VALUES (40236454, 'dddddd000000', '5589 Westport Pass', 'SRNMK4789U', '+63 312 685 1418', 'Standard', 5461719.26);
INSERT INTO Trader (Login_ID, Profile_Picture, Address, PAN_No, Mobile_NO, Type, Wallet_Amount) VALUES (66442759, 'cc0000ffffff', '321 Holy Cross Trail', 'HHHJQ4885W', '+44 990 805 5042', 'Premium', 607337.85);
INSERT INTO Trader (Login_ID, Profile_Picture, Address, PAN_No, Mobile_NO, Type, Wallet_Amount) VALUES (28353600, 'cc0000ffffff', '833 Birchwood Circle', 'BDXZL7904T', '+57 996 434 0299', 'Premium', 8209297.05);
INSERT INTO Trader (Login_ID, Profile_Picture, Address, PAN_No, Mobile_NO, Type, Wallet_Amount) VALUES (15826554, 'dddddd000000', '9117 Old Gate Place', 'UXOWJ9410Q', '+7 189 456 2210', 'Standard', 6355211.13);

--Bank_Account
INSERT INTO Bank_Account (Bank_Name, Bank_Ac_No, IFSC_Code, Login_ID) VALUES ('Photojam', '1.18258E+13', '63855291019', '56426096');
INSERT INTO Bank_Account (Bank_Name, Bank_Ac_No, IFSC_Code, Login_ID) VALUES ('Buzzdog', '2.15682E+13', '93041280065', '24722292');
INSERT INTO Bank_Account (Bank_Name, Bank_Ac_No, IFSC_Code, Login_ID) VALUES ('Tekfly', '7.64867E+13', '47112266395', '95037312');
INSERT INTO Bank_Account (Bank_Name, Bank_Ac_No, IFSC_Code, Login_ID) VALUES ('Jaxnation', '9.53089E+13', '12353675299', '37513341');
INSERT INTO Bank_Account (Bank_Name, Bank_Ac_No, IFSC_Code, Login_ID) VALUES ('Chatterpoint', '1.21082E+13', '52310884934', '65469628');
INSERT INTO Bank_Account (Bank_Name, Bank_Ac_No, IFSC_Code, Login_ID) VALUES ('Topdrive', '2.0526E+13', '12754293990', '19925288');
INSERT INTO Bank_Account (Bank_Name, Bank_Ac_No, IFSC_Code, Login_ID) VALUES ('Plajo', '9.16375E+13', '24933169106', '51737445');
INSERT INTO Bank_Account (Bank_Name, Bank_Ac_No, IFSC_Code, Login_ID) VALUES ('Kazio', '9.71955E+13', '73422418188', '30324430');
INSERT INTO Bank_Account (Bank_Name, Bank_Ac_No, IFSC_Code, Login_ID) VALUES ('Feedfire', '1.90178E+13', '86633158579', '85893411');
INSERT INTO Bank_Account (Bank_Name, Bank_Ac_No, IFSC_Code, Login_ID) VALUES ('Jayo', '8.59979E+13', '39318622125', '81876435');
INSERT INTO Bank_Account (Bank_Name, Bank_Ac_No, IFSC_Code, Login_ID) VALUES ('Realfire', '5.66986E+13', '36265427697', '53976275');
INSERT INTO Bank_Account (Bank_Name, Bank_Ac_No, IFSC_Code, Login_ID) VALUES ('Blogtags', '9.69772E+13', '55297125278', '28775470');
INSERT INTO Bank_Account (Bank_Name, Bank_Ac_No, IFSC_Code, Login_ID) VALUES ('Tagfeed', '5.65626E+13', '21997901428', '28411048');
INSERT INTO Bank_Account (Bank_Name, Bank_Ac_No, IFSC_Code, Login_ID) VALUES ('Jazzy', '1.61903E+13', '17017446014', '25061983');
INSERT INTO Bank_Account (Bank_Name, Bank_Ac_No, IFSC_Code, Login_ID) VALUES ('Fatz', '9.22192E+13', '50597634935', '53499276');
INSERT INTO Bank_Account (Bank_Name, Bank_Ac_No, IFSC_Code, Login_ID) VALUES ('Topicstorm', '4.75584E+13', '71267080610', '86886777');
INSERT INTO Bank_Account (Bank_Name, Bank_Ac_No, IFSC_Code, Login_ID) VALUES ('Yotz', '7.86659E+13', '28675247005', '17817579');
INSERT INTO Bank_Account (Bank_Name, Bank_Ac_No, IFSC_Code, Login_ID) VALUES ('Blognation', '8.55988E+13', '87450352549', '56315906');
INSERT INTO Bank_Account (Bank_Name, Bank_Ac_No, IFSC_Code, Login_ID) VALUES ('Zoozzy', '4.26668E+13', '18485210288', '37865920');
INSERT INTO Bank_Account (Bank_Name, Bank_Ac_No, IFSC_Code, Login_ID) VALUES ('Layo', '9.3297E+13', '33888669755', '98135231');
INSERT INTO Bank_Account (Bank_Name, Bank_Ac_No, IFSC_Code, Login_ID) VALUES ('Tagcat', '2.34684E+13', '10460953336', '99333102');
INSERT INTO Bank_Account (Bank_Name, Bank_Ac_No, IFSC_Code, Login_ID) VALUES ('Brainbox', '3.1222E+13', '66964305145', '65698771');
INSERT INTO Bank_Account (Bank_Name, Bank_Ac_No, IFSC_Code, Login_ID) VALUES ('Yabox', '7.83704E+13', '35568086818', '32118456');
INSERT INTO Bank_Account (Bank_Name, Bank_Ac_No, IFSC_Code, Login_ID) VALUES ('Topdrive', '3.35803E+13', '29670322136', '48844006');
INSERT INTO Bank_Account (Bank_Name, Bank_Ac_No, IFSC_Code, Login_ID) VALUES ('Jabberbean', '6.88357E+13', '61807108150', '51401436');
INSERT INTO Bank_Account (Bank_Name, Bank_Ac_No, IFSC_Code, Login_ID) VALUES ('Muxo', '6.75139E+13', '13323074095', '20646905');
INSERT INTO Bank_Account (Bank_Name, Bank_Ac_No, IFSC_Code, Login_ID) VALUES ('Gabvine', '4.12215E+13', '64242949852', '31710830');
INSERT INTO Bank_Account (Bank_Name, Bank_Ac_No, IFSC_Code, Login_ID) VALUES ('Jaxbean', '7.47603E+13', '74715902435', '66590889');
INSERT INTO Bank_Account (Bank_Name, Bank_Ac_No, IFSC_Code, Login_ID) VALUES ('Fliptune', '2.70885E+13', '73950691766', '75758482');
INSERT INTO Bank_Account (Bank_Name, Bank_Ac_No, IFSC_Code, Login_ID) VALUES ('Centidel', '7.20264E+13', '40971222004', '40519969');
INSERT INTO Bank_Account (Bank_Name, Bank_Ac_No, IFSC_Code, Login_ID) VALUES ('Livetube', '4.09816E+13', '376903347', '25617750');
INSERT INTO Bank_Account (Bank_Name, Bank_Ac_No, IFSC_Code, Login_ID) VALUES ('Yacero', '5.26724E+13', '20622841157', '42122149');
INSERT INTO Bank_Account (Bank_Name, Bank_Ac_No, IFSC_Code, Login_ID) VALUES ('Bubblebox', '9.34583E+13', '77009359014', '77680349');
INSERT INTO Bank_Account (Bank_Name, Bank_Ac_No, IFSC_Code, Login_ID) VALUES ('JumpXS', '8.41403E+13', '68085547343', '11456253');
INSERT INTO Bank_Account (Bank_Name, Bank_Ac_No, IFSC_Code, Login_ID) VALUES ('Roombo', '2.30351E+13', '75396297615', '86462169');
INSERT INTO Bank_Account (Bank_Name, Bank_Ac_No, IFSC_Code, Login_ID) VALUES ('Realbuzz', '4.33827E+13', '61908939158', '46734301');
INSERT INTO Bank_Account (Bank_Name, Bank_Ac_No, IFSC_Code, Login_ID) VALUES ('Skidoo', '3.7906E+13', '52683480247', '89084267');
INSERT INTO Bank_Account (Bank_Name, Bank_Ac_No, IFSC_Code, Login_ID) VALUES ('Oyoba', '9.59766E+13', '32320612326', '30820148');
INSERT INTO Bank_Account (Bank_Name, Bank_Ac_No, IFSC_Code, Login_ID) VALUES ('Bluejam', '4.08001E+13', '16704403989', '19964880');
INSERT INTO Bank_Account (Bank_Name, Bank_Ac_No, IFSC_Code, Login_ID) VALUES ('Leenti', '5.98825E+13', '67956550794', '91648372');
INSERT INTO Bank_Account (Bank_Name, Bank_Ac_No, IFSC_Code, Login_ID) VALUES ('Gabcube', '5.52419E+13', '83923026500', '13217079');
INSERT INTO Bank_Account (Bank_Name, Bank_Ac_No, IFSC_Code, Login_ID) VALUES ('Skyble', '8.83117E+13', '84103997778', '31865361');
INSERT INTO Bank_Account (Bank_Name, Bank_Ac_No, IFSC_Code, Login_ID) VALUES ('Fivebridge', '6.34876E+13', '9665641597', '70603301');
INSERT INTO Bank_Account (Bank_Name, Bank_Ac_No, IFSC_Code, Login_ID) VALUES ('Midel', '7.27117E+13', '66288476641', '93196758');
INSERT INTO Bank_Account (Bank_Name, Bank_Ac_No, IFSC_Code, Login_ID) VALUES ('Izio', '1.68438E+13', '55308057415', '28939162');
INSERT INTO Bank_Account (Bank_Name, Bank_Ac_No, IFSC_Code, Login_ID) VALUES ('Rhycero', '9.81171E+13', '92076086210', '68478288');
INSERT INTO Bank_Account (Bank_Name, Bank_Ac_No, IFSC_Code, Login_ID) VALUES ('Jabbertype', '9.97076E+13', '66699088016', '40236454');
INSERT INTO Bank_Account (Bank_Name, Bank_Ac_No, IFSC_Code, Login_ID) VALUES ('Blogtags', '7.7504E+13', '68187144140', '66442759');
INSERT INTO Bank_Account (Bank_Name, Bank_Ac_No, IFSC_Code, Login_ID) VALUES ('Edgeblab', '3.93903E+13', '98855077997', '28353600');
INSERT INTO Bank_Account (Bank_Name, Bank_Ac_No, IFSC_Code, Login_ID) VALUES ('Feedspan', '6.07867E+13', '45798864935', '15826554');


--Transaction
INSERT INTO Transaction (Mode, Credit_or_Debit, Amount, Bank_Name, Status, Bank_Ac_No, TransactionDate, TransactionTime, Transaction_ID) VALUES ('Card', 'Credit', '1000', 'Feedfire', 'Pending', '6141129274651', '9/10/2023', '1:01 PM', '1325185782');
INSERT INTO Transaction (Mode, Credit_or_Debit, Amount, Bank_Name, Status, Bank_Ac_No, TransactionDate, TransactionTime, Transaction_ID) VALUES ('Offline', 'Credit', '1000', 'Pixope', 'Completed', '2855631897868', '12/25/2023', '10:13 AM', '4088693185');
INSERT INTO Transaction (Mode, Credit_or_Debit, Amount, Bank_Name, Status, Bank_Ac_No, TransactionDate, TransactionTime, Transaction_ID) VALUES ('Card', 'Debit', '1000', 'Aivee', 'Failed', '7849424927167', '11/14/2023', '7:05 AM', '4496680135');
INSERT INTO Transaction (Mode, Credit_or_Debit, Amount, Bank_Name, Status, Bank_Ac_No, TransactionDate, TransactionTime, Transaction_ID) VALUES ('Online', 'Debit', '1000', 'Zooxo', 'Completed', '1805838396366', '7/6/2023', '12:22 PM', '8197302514');
INSERT INTO Transaction (Mode, Credit_or_Debit, Amount, Bank_Name, Status, Bank_Ac_No, TransactionDate, TransactionTime, Transaction_ID) VALUES ('Card', 'Credit', '1000', 'Gabtune', 'Completed', '8123882520184', '8/18/2023', '3:56 AM', '9924541995');
INSERT INTO Transaction (Mode, Credit_or_Debit, Amount, Bank_Name, Status, Bank_Ac_No, TransactionDate, TransactionTime, Transaction_ID) VALUES ('Card', 'Credit', '1000', 'Vimbo', 'Failed', '3670909828515', '9/14/2023', '10:59 PM', '8450687092');
INSERT INTO Transaction (Mode, Credit_or_Debit, Amount, Bank_Name, Status, Bank_Ac_No, TransactionDate, TransactionTime, Transaction_ID) VALUES ('Online', 'Credit', '1000', 'Ooba', 'Failed', '9023870783018', '2/9/2024', '2:01 PM', '5663546942');
INSERT INTO Transaction (Mode, Credit_or_Debit, Amount, Bank_Name, Status, Bank_Ac_No, TransactionDate, TransactionTime, Transaction_ID) VALUES ('Online', 'Debit', '1000', 'Leexo', 'Completed', '5642075134661', '9/29/2023', '7:05 PM', '8075887108');
INSERT INTO Transaction (Mode, Credit_or_Debit, Amount, Bank_Name, Status, Bank_Ac_No, TransactionDate, TransactionTime, Transaction_ID) VALUES ('Mobile', 'Debit', '1000', 'Wordpedia', 'Failed', '5373005713432', '6/15/2023', '1:11 PM', '1029585710');
INSERT INTO Transaction (Mode, Credit_or_Debit, Amount, Bank_Name, Status, Bank_Ac_No, TransactionDate, TransactionTime, Transaction_ID) VALUES ('Online', 'Credit', '30500', 'Photobean', 'Pending', '8449022896871', '4/30/2023', '6:12 AM', '426848877');
INSERT INTO Transaction (Mode, Credit_or_Debit, Amount, Bank_Name, Status, Bank_Ac_No, TransactionDate, TransactionTime, Transaction_ID) VALUES ('Online', 'Credit', '1000', 'Dazzlesphere', 'Failed', '5911686745924', '9/16/2023', '11:53 PM', '481335245');
INSERT INTO Transaction (Mode, Credit_or_Debit, Amount, Bank_Name, Status, Bank_Ac_No, TransactionDate, TransactionTime, Transaction_ID) VALUES ('Offline', 'Credit', '1000', 'Ooba', 'Completed', '6867246802087', '12/28/2023', '12:27 PM', '3803868676');
INSERT INTO Transaction (Mode, Credit_or_Debit, Amount, Bank_Name, Status, Bank_Ac_No, TransactionDate, TransactionTime, Transaction_ID) VALUES ('Card', 'Credit', '12500', 'Snaptags', 'Failed', '9444862922734', '12/9/2023', '2:53 AM', '2247904562');
INSERT INTO Transaction (Mode, Credit_or_Debit, Amount, Bank_Name, Status, Bank_Ac_No, TransactionDate, TransactionTime, Transaction_ID) VALUES ('Offline', 'Debit', '1000', 'Tagpad', 'Failed', '8327075204819', '5/20/2023', '7:31 PM', '626876131');
INSERT INTO Transaction (Mode, Credit_or_Debit, Amount, Bank_Name, Status, Bank_Ac_No, TransactionDate, TransactionTime, Transaction_ID) VALUES ('Card', 'Credit', '1000', 'Jabbersphere', 'Failed', '6251236108722', '8/31/2023', '1:08 PM', '4167303302');
INSERT INTO Transaction (Mode, Credit_or_Debit, Amount, Bank_Name, Status, Bank_Ac_No, TransactionDate, TransactionTime, Transaction_ID) VALUES ('Mobile', 'Credit', '1000', 'Oyoba', 'Failed', '4732231053999', '9/29/2023', '9:59 PM', '6792082692');
INSERT INTO Transaction (Mode, Credit_or_Debit, Amount, Bank_Name, Status, Bank_Ac_No, TransactionDate, TransactionTime, Transaction_ID) VALUES ('Offline', 'Credit', '15000', 'Dabtype', 'Failed', '2351599437066', '1/20/2024', '3:49 AM', '5774667450');
INSERT INTO Transaction (Mode, Credit_or_Debit, Amount, Bank_Name, Status, Bank_Ac_No, TransactionDate, TransactionTime, Transaction_ID) VALUES ('Offline', 'Credit', '30000', 'Quamba', 'Failed', '452047576257', '9/12/2023', '5:10 AM', '83273279');
INSERT INTO Transaction (Mode, Credit_or_Debit, Amount, Bank_Name, Status, Bank_Ac_No, TransactionDate, TransactionTime, Transaction_ID) VALUES ('Mobile', 'Debit', '45000', 'Quatz', 'Pending', '624344598968', '4/26/2023', '6:52 PM', '103352266');
INSERT INTO Transaction (Mode, Credit_or_Debit, Amount, Bank_Name, Status, Bank_Ac_No, TransactionDate, TransactionTime, Transaction_ID) VALUES ('Offline', 'Debit', '60000', 'Jaxspan', 'Pending', '7091622418454', '9/27/2023', '12:41 AM', '3827006336');
INSERT INTO Transaction (Mode, Credit_or_Debit, Amount, Bank_Name, Status, Bank_Ac_No, TransactionDate, TransactionTime, Transaction_ID) VALUES ('Card', 'Credit', '1000', 'Wikizz', 'Pending', '6266852494333', '10/18/2023', '8:13 AM', '3032463172');
INSERT INTO Transaction (Mode, Credit_or_Debit, Amount, Bank_Name, Status, Bank_Ac_No, TransactionDate, TransactionTime, Transaction_ID) VALUES ('Online', 'Debit', '1000', 'Yakidoo', 'Pending', '9504170575419', '6/29/2023', '7:38 PM', '1434742504');
INSERT INTO Transaction (Mode, Credit_or_Debit, Amount, Bank_Name, Status, Bank_Ac_No, TransactionDate, TransactionTime, Transaction_ID) VALUES ('Online', 'Credit', '1000', 'Oloo', 'Failed', '4092211933673', '4/18/2024', '4:15 PM', '1775370567');
INSERT INTO Transaction (Mode, Credit_or_Debit, Amount, Bank_Name, Status, Bank_Ac_No, TransactionDate, TransactionTime, Transaction_ID) VALUES ('Online', 'Debit', '1000', 'Npath', 'Failed', '9861731501887', '3/2/2024', '3:44 AM', '4485259539');
INSERT INTO Transaction (Mode, Credit_or_Debit, Amount, Bank_Name, Status, Bank_Ac_No, TransactionDate, TransactionTime, Transaction_ID) VALUES ('Offline', 'Credit', '1000', 'Bubbletube', 'Failed', '5296188124040', '1/31/2024', '6:32 PM', '7126428400');
INSERT INTO Transaction (Mode, Credit_or_Debit, Amount, Bank_Name, Status, Bank_Ac_No, TransactionDate, TransactionTime, Transaction_ID) VALUES ('Online', 'Debit', '1000', 'Photospace', 'Failed', '3910556367683', '9/20/2023', '7:37 PM', '7353983144');
INSERT INTO Transaction (Mode, Credit_or_Debit, Amount, Bank_Name, Status, Bank_Ac_No, TransactionDate, TransactionTime, Transaction_ID) VALUES ('Card', 'Debit', '1000', 'Mydeo', 'Pending', '2336929202907', '10/11/2023', '6:51 AM', '9188225155');
INSERT INTO Transaction (Mode, Credit_or_Debit, Amount, Bank_Name, Status, Bank_Ac_No, TransactionDate, TransactionTime, Transaction_ID) VALUES ('Mobile', 'Debit', '1000', 'Shufflester', 'Completed', '7891635125178', '6/27/2023', '8:34 PM', '9444766983');
INSERT INTO Transaction (Mode, Credit_or_Debit, Amount, Bank_Name, Status, Bank_Ac_No, TransactionDate, TransactionTime, Transaction_ID) VALUES ('Card', 'Debit', '1000', 'Riffpedia', 'Completed', '1798681545907', '8/31/2023', '12:44 PM', '744538520');
INSERT INTO Transaction (Mode, Credit_or_Debit, Amount, Bank_Name, Status, Bank_Ac_No, TransactionDate, TransactionTime, Transaction_ID) VALUES ('Offline', 'Credit', '1000', 'Skalith', 'Failed', '2346589475221', '2/27/2024', '7:57 PM', '7189127458');


--Company
insert into Company (Name, Sector, Revenue) values ('Oozz', 'Media', 59021252210.22);
insert into Company (Name, Sector, Revenue) values ('Twitterworks', 'Retail', 89905749944.15);
insert into Company (Name, Sector, Revenue) values ('Yozio', 'Construction', 47980931626.19);
insert into Company (Name, Sector, Revenue) values ('Photolist', 'Retail', 19100183214.0);
insert into Company (Name, Sector, Revenue) values ('Oyonder', 'Healthcare', 10270398280.02);
insert into Company (Name, Sector, Revenue) values ('Jabbertype', 'Agriculture', 85821557945.81);
insert into Company (Name, Sector, Revenue) values ('Zoonder', 'Fashion', 35335982769.51);
insert into Company (Name, Sector, Revenue) values ('Trudoo', 'Energy', 31336900657.49);
insert into Company (Name, Sector, Revenue) values ('Tagchat', 'Retail', 52634671642.0);
insert into Company (Name, Sector, Revenue) values ('Blogspan', 'Media', 17298461158.9);
insert into Company (Name, Sector, Revenue) values ('Flashspan', 'Hospitality', 40593535666.28);
insert into Company (Name, Sector, Revenue) values ('Realbridge', 'Technology', 50021586297.84);
insert into Company (Name, Sector, Revenue) values ('Fatz', 'Healthcare', 74053660597.33);
insert into Company (Name, Sector, Revenue) values ('Tazzy', 'Media', 90446716494.9);
insert into Company (Name, Sector, Revenue) values ('Rhybox', 'Energy', 27194620900.81);
insert into Company (Name, Sector, Revenue) values ('Muxo', 'Transportation', 10505064652.2);
insert into Company (Name, Sector, Revenue) values ('Twitterbeat', 'Automotive', 2003522848.47);
insert into Company (Name, Sector, Revenue) values ('Voomm', 'Media', 30255915356.1);
insert into Company (Name, Sector, Revenue) values ('Linkbridge', 'Media', 51270432587.96);
insert into Company (Name, Sector, Revenue) values ('Shuffledrive', 'Transportation', 51450935003.02);
insert into Company (Name, Sector, Revenue) values ('Gabcube', 'Education', 85092278134.41);
insert into Company (Name, Sector, Revenue) values ('Skivee', 'Telecommunications', 20283441482.71);
insert into Company (Name, Sector, Revenue) values ('Topdrive', 'Construction', 23911296536.31);
insert into Company (Name, Sector, Revenue) values ('Kayveo', 'Healthcare', 22197195107.86);
insert into Company (Name, Sector, Revenue) values ('Eare', 'Fashion', 65910095495.11);
insert into Company (Name, Sector, Revenue) values ('LiveZ', 'Automotive', 51743329921.25);
insert into Company (Name, Sector, Revenue) values ('Photojam', 'Telecommunications', 96610806976.53);
insert into Company (Name, Sector, Revenue) values ('Meejo', 'Hospitality', 75306098562.66);
insert into Company (Name, Sector, Revenue) values ('Abata', 'Healthcare', 675682598.53);
insert into Company (Name, Sector, Revenue) values ('Youspan', 'Retail', 73645934184.52);
insert into Company (Name, Sector, Revenue) values ('Yamia', 'Technology', 25090677534.2);
insert into Company (Name, Sector, Revenue) values ('Flipopia', 'Fashion', 34844518962.97);
insert into Company (Name, Sector, Revenue) values ('Yodo', 'Media', 13403560878.23);
insert into Company (Name, Sector, Revenue) values ('Rhynoodle', 'Healthcare', 60270844372.79);
insert into Company (Name, Sector, Revenue) values ('Realfire', 'Telecommunications', 69520748586.7);
insert into Company (Name, Sector, Revenue) values ('Quinu', 'Hospitality', 10453809980.07);
insert into Company (Name, Sector, Revenue) values ('Kwimbee', 'Entertainment', 44210930225.56);
insert into Company (Name, Sector, Revenue) values ('Dablist', 'Telecommunications', 3965973350.05);
insert into Company (Name, Sector, Revenue) values ('Browseblab', 'Construction', 33465777542.34);
insert into Company (Name, Sector, Revenue) values ('Dynazzy', 'Healthcare', 66017444549.46);
insert into Company (Name, Sector, Revenue) values ('Gabtype', 'Finance', 32466307991.05);
insert into Company (Name, Sector, Revenue) values ('Demivee', 'Transportation', 21545220932.12);
insert into Company (Name, Sector, Revenue) values ('Jayo', 'Energy', 42122244324.41);
insert into Company (Name, Sector, Revenue) values ('Talane', 'Construction', 34464535155.84);
insert into Company (Name, Sector, Revenue) values ('Quire', 'Finance', 64822735625.54);
insert into Company (Name, Sector, Revenue) values ('Photobug', 'Automotive', 46776394239.2);
insert into Company (Name, Sector, Revenue) values ('Topiczoom', 'Entertainment', 65126271609.86);
insert into Company (Name, Sector, Revenue) values ('Skyvu', 'Technology', 71137029499.62);
insert into Company (Name, Sector, Revenue) values ('Chatterbridge', 'Construction', 14204608096.04);
insert into Company (Name, Sector, Revenue) values ('Janyx', 'Retail', 2084818893.62);
insert into Company (Name, Sector, Revenue) values ('Ooba', 'Construction', 63035564156.79);
insert into Company (Name, Sector, Revenue) values ('Tanoodle', 'Construction', 60278027917.36);
insert into Company (Name, Sector, Revenue) values ('Avamm', 'Fashion', 63015469258.2);
insert into Company (Name, Sector, Revenue) values ('Eadel', 'Finance', 35592756735.28);
insert into Company (Name, Sector, Revenue) values ('Kare', 'Healthcare', 9860699654.27);
insert into Company (Name, Sector, Revenue) values ('Feedspan', 'Entertainment', 40882552692.95);
insert into Company (Name, Sector, Revenue) values ('Zoomcast', 'Entertainment', 11276866445.56);
insert into Company (Name, Sector, Revenue) values ('Dynabox', 'Automotive', 6377575083.63);
insert into Company (Name, Sector, Revenue) values ('Dazzlesphere', 'Fashion', 20764512150.4);
insert into Company (Name, Sector, Revenue) values ('Twinder', 'Retail', 62548799450.12);
insert into Company (Name, Sector, Revenue) values ('Lazz', 'Automotive', 39194966229.49);
insert into Company (Name, Sector, Revenue) values ('Oba', 'Energy', 88865150000.51);
insert into Company (Name, Sector, Revenue) values ('Thoughtstorm', 'Agriculture', 77360935622.57);
insert into Company (Name, Sector, Revenue) values ('Leexo', 'Retail', 68657629006.66);
insert into Company (Name, Sector, Revenue) values ('Wikizz', 'Transportation', 17501730044.16);
insert into Company (Name, Sector, Revenue) values ('Wikibox', 'Transportation', 63197335007.93);
insert into Company (Name, Sector, Revenue) values ('Skiptube', 'Transportation', 39285909552.16);
insert into Company (Name, Sector, Revenue) values ('Ozu', 'Telecommunications', 70514818725.47);
insert into Company (Name, Sector, Revenue) values ('Centidel', 'Entertainment', 58932047423.42);
insert into Company (Name, Sector, Revenue) values ('Rhyloo', 'Agriculture', 51955018965.92);
insert into Company (Name, Sector, Revenue) values ('Feednation', 'Technology', 31530136466.44);
insert into Company (Name, Sector, Revenue) values ('Voonder', 'Telecommunications', 78765409894.45);
insert into Company (Name, Sector, Revenue) values ('Livetube', 'Entertainment', 10300193531.84);
insert into Company (Name, Sector, Revenue) values ('Vinte', 'Hospitality', 70896748424.65);
insert into Company (Name, Sector, Revenue) values ('Meetz', 'Retail', 72663118027.28);
insert into Company (Name, Sector, Revenue) values ('Kanoodle', 'Telecommunications', 2648606895.48);
insert into Company (Name, Sector, Revenue) values ('Linktype', 'Entertainment', 97212163493.55);
insert into Company (Name, Sector, Revenue) values ('Yata', 'Hospitality', 25188960086.11);
insert into Company (Name, Sector, Revenue) values ('Digitube', 'Finance', 14660690882.64);
insert into Company (Name, Sector, Revenue) values ('Topicware', 'Entertainment', 4188762582.48);
insert into Company (Name, Sector, Revenue) values ('Mymm', 'Technology', 10815122990.58);
insert into Company (Name, Sector, Revenue) values ('Kwilith', 'Finance', 35793434939.38);
insert into Company (Name, Sector, Revenue) values ('Devpoint', 'Energy', 34572576332.04);
insert into Company (Name, Sector, Revenue) values ('Buzzbean', 'Entertainment', 55161919689.06);
insert into Company (Name, Sector, Revenue) values ('Vimbo', 'Technology', 9288156190.71);
insert into Company (Name, Sector, Revenue) values ('Skyba', 'Healthcare', 57894012991.53);

--Promoter
INSERT INTO promoter (Company_Name, Promoter_Name) VALUES ('Oozz', 'Thomasine Hawse');
INSERT INTO promoter (Company_Name, Promoter_Name) VALUES ('Twitterworks', 'Gayler Simner');
INSERT INTO promoter (Company_Name, Promoter_Name) VALUES ('Yozio', 'Janeczka Eggerton');
INSERT INTO promoter (Company_Name, Promoter_Name) VALUES ('Photolist', 'Frasier Palombi');
INSERT INTO promoter (Company_Name, Promoter_Name) VALUES ('Oyonder', 'Mandie Cunnane');
INSERT INTO promoter (Company_Name, Promoter_Name) VALUES ('Jabbertype', 'Ruperto Gisbey');
INSERT INTO promoter (Company_Name, Promoter_Name) VALUES ('Zoonder', 'Glory McKmurrie');
INSERT INTO promoter (Company_Name, Promoter_Name) VALUES ('Trudoo', 'Olivier Samsworth');
INSERT INTO promoter (Company_Name, Promoter_Name) VALUES ('Tagchat', 'Emmalyn Laneham');
INSERT INTO promoter (Company_Name, Promoter_Name) VALUES ('Blogspan', 'Tedman Schuelcke');
INSERT INTO promoter (Company_Name, Promoter_Name) VALUES ('Flashspan', 'Guglielmo Saggs');
INSERT INTO promoter (Company_Name, Promoter_Name) VALUES ('Realbridge', 'Husein Rickaby');
INSERT INTO promoter (Company_Name, Promoter_Name) VALUES ('Fatz', 'Lothario Cressy');
INSERT INTO promoter (Company_Name, Promoter_Name) VALUES ('Tazzy', 'Mikol Chedgey');
INSERT INTO promoter (Company_Name, Promoter_Name) VALUES ('Rhybox', 'Sibel MacCaffrey');
INSERT INTO promoter (Company_Name, Promoter_Name) VALUES ('Muxo', 'Marietta Craythorne');
INSERT INTO promoter (Company_Name, Promoter_Name) VALUES ('Twitterbeat', 'Gregoire Durdy');
INSERT INTO promoter (Company_Name, Promoter_Name) VALUES ('Voomm', 'Stefanie Paal');
INSERT INTO promoter (Company_Name, Promoter_Name) VALUES ('Linkbridge', 'Mickey Martugin');
INSERT INTO promoter (Company_Name, Promoter_Name) VALUES ('Shuffledrive', 'Earl Birch');
INSERT INTO promoter (Company_Name, Promoter_Name) VALUES ('Gabcube', 'Koressa Geane');
INSERT INTO promoter (Company_Name, Promoter_Name) VALUES ('Skivee', 'Corby Josey');
INSERT INTO promoter (Company_Name, Promoter_Name) VALUES ('Topdrive', 'Rolfe Dible');
INSERT INTO promoter (Company_Name, Promoter_Name) VALUES ('Kayveo', 'Ursulina Bloxsom');
INSERT INTO promoter (Company_Name, Promoter_Name) VALUES ('Eare', 'Bernarr Whitington');
INSERT INTO promoter (Company_Name, Promoter_Name) VALUES ('LiveZ', 'Jacky Lambrecht');
INSERT INTO promoter (Company_Name, Promoter_Name) VALUES ('Photojam', 'Nelie Thurnham');
INSERT INTO promoter (Company_Name, Promoter_Name) VALUES ('Meejo', 'Tootsie Scarasbrick');
INSERT INTO promoter (Company_Name, Promoter_Name) VALUES ('Abata', 'Carry Escalero');
INSERT INTO promoter (Company_Name, Promoter_Name) VALUES ('Youspan', 'Hyacinthe Humbee');
INSERT INTO promoter (Company_Name, Promoter_Name) VALUES ('Twitterbeat', 'Cornelia Romagnosi');
INSERT INTO promoter (Company_Name, Promoter_Name) VALUES ('Yamia', 'Zenia Cartmel');
INSERT INTO promoter (Company_Name, Promoter_Name) VALUES ('Flipopia', 'Yolanthe Mann');
INSERT INTO promoter (Company_Name, Promoter_Name) VALUES ('Yodo', 'Jessalyn Lashley');
INSERT INTO promoter (Company_Name, Promoter_Name) VALUES ('Rhynoodle', 'Bel Asman');
INSERT INTO promoter (Company_Name, Promoter_Name) VALUES ('Realfire', 'Storm Elwel');
INSERT INTO promoter (Company_Name, Promoter_Name) VALUES ('Voomm', 'Shir Wesson');
INSERT INTO promoter (Company_Name, Promoter_Name) VALUES ('Quinu', 'Harli Lednor');
INSERT INTO promoter (Company_Name, Promoter_Name) VALUES ('Kwimbee', 'Garik Bahlmann');
INSERT INTO promoter (Company_Name, Promoter_Name) VALUES ('Dablist', 'Juliane Danko');
INSERT INTO promoter (Company_Name, Promoter_Name) VALUES ('Browseblab', 'Seth Baudy');
INSERT INTO promoter (Company_Name, Promoter_Name) VALUES ('Skyba', 'Cybil Barge');
INSERT INTO promoter (Company_Name, Promoter_Name) VALUES ('Tazzy', 'Claudian Jackman');
INSERT INTO promoter (Company_Name, Promoter_Name) VALUES ('Dynazzy', 'Nicoli Castilla');
INSERT INTO promoter (Company_Name, Promoter_Name) VALUES ('Gabtype', 'Mic Fakes');
INSERT INTO promoter (Company_Name, Promoter_Name) VALUES ('Demivee', 'Merrily Deesly');
INSERT INTO promoter (Company_Name, Promoter_Name) VALUES ('Jayo', 'Devonne Sapsford');
INSERT INTO promoter (Company_Name, Promoter_Name) VALUES ('Talane', 'Sofie Symers');
INSERT INTO promoter (Company_Name, Promoter_Name) VALUES ('Quire', 'Rickert Iskov');
INSERT INTO promoter (Company_Name, Promoter_Name) VALUES ('Photobug', 'Alfy Evers');
INSERT INTO promoter (Company_Name, Promoter_Name) VALUES ('Topiczoom', 'Brandon Endersby');
INSERT INTO promoter (Company_Name, Promoter_Name) VALUES ('Skyvu', 'Riobard Rockey');
INSERT INTO promoter (Company_Name, Promoter_Name) VALUES ('Dazzlesphere', 'Sansone Kohter');
INSERT INTO promoter (Company_Name, Promoter_Name) VALUES ('Chatterbridge', 'Karla Molder');
INSERT INTO promoter (Company_Name, Promoter_Name) VALUES ('Janyx', 'Sue Bruckental');
INSERT INTO promoter (Company_Name, Promoter_Name) VALUES ('Ooba', 'Ashia Antonovic');
INSERT INTO promoter (Company_Name, Promoter_Name) VALUES ('Tanoodle', 'Barri Philipps');
INSERT INTO promoter (Company_Name, Promoter_Name) VALUES ('Avamm', 'Ede Frarey');
INSERT INTO promoter (Company_Name, Promoter_Name) VALUES ('Eadel', 'Ab Revel');
INSERT INTO promoter (Company_Name, Promoter_Name) VALUES ('Yozio', 'Nickie Cosley');
INSERT INTO promoter (Company_Name, Promoter_Name) VALUES ('Kare', 'Tabby Birchenough');
INSERT INTO promoter (Company_Name, Promoter_Name) VALUES ('Oba', 'Adore Silbersak');
INSERT INTO promoter (Company_Name, Promoter_Name) VALUES ('Feedspan', 'Ulrick Roskelley');
INSERT INTO promoter (Company_Name, Promoter_Name) VALUES ('Zoomcast', 'Clem Prayer');
INSERT INTO promoter (Company_Name, Promoter_Name) VALUES ('Dynabox', 'Rudie Venney');
INSERT INTO promoter (Company_Name, Promoter_Name) VALUES ('Dazzlesphere', 'Gates Gorton');
INSERT INTO promoter (Company_Name, Promoter_Name) VALUES ('Twinder', 'Merle Ferrarini');
INSERT INTO promoter (Company_Name, Promoter_Name) VALUES ('Lazz', 'Beatrisa Naulty');
INSERT INTO promoter (Company_Name, Promoter_Name) VALUES ('Kanoodle', 'Xylia Ambroisin');
INSERT INTO promoter (Company_Name, Promoter_Name) VALUES ('Oba', 'Lynnell Joderli');
INSERT INTO promoter (Company_Name, Promoter_Name) VALUES ('Thoughtstorm', 'Jodi Roncelli');
INSERT INTO promoter (Company_Name, Promoter_Name) VALUES ('Leexo', 'Lilyan Pedrocchi');
INSERT INTO promoter (Company_Name, Promoter_Name) VALUES ('Wikizz', 'Werner Oldis');
INSERT INTO promoter (Company_Name, Promoter_Name) VALUES ('Wikibox', 'Kristian Reddle');
INSERT INTO promoter (Company_Name, Promoter_Name) VALUES ('Skiptube', 'Cindi Goodsir');
INSERT INTO promoter (Company_Name, Promoter_Name) VALUES ('Voonder', 'Eva Upham');
INSERT INTO promoter (Company_Name, Promoter_Name) VALUES ('Ozu', 'Lena Kleinhaut');
INSERT INTO promoter (Company_Name, Promoter_Name) VALUES ('Jayo', 'Padriac Pereira');
INSERT INTO promoter (Company_Name, Promoter_Name) VALUES ('Centidel', 'Patton Plant');
INSERT INTO promoter (Company_Name, Promoter_Name) VALUES ('Rhyloo', 'Laughton Knoble');
INSERT INTO promoter (Company_Name, Promoter_Name) VALUES ('Quinu', 'Marnie Parffrey');
INSERT INTO promoter (Company_Name, Promoter_Name) VALUES ('Feednation', 'Abigail Dungay');
INSERT INTO promoter (Company_Name, Promoter_Name) VALUES ('Voonder', 'Patin Davids');
INSERT INTO promoter (Company_Name, Promoter_Name) VALUES ('Livetube', 'Dorelle Megainey');
INSERT INTO promoter (Company_Name, Promoter_Name) VALUES ('Voomm', 'Waneta Cyseley');
INSERT INTO promoter (Company_Name, Promoter_Name) VALUES ('Vinte', 'Katlin Mallord');
INSERT INTO promoter (Company_Name, Promoter_Name) VALUES ('Voomm', 'Pearle Graver');
INSERT INTO promoter (Company_Name, Promoter_Name) VALUES ('Meetz', 'Knox Verrall');
INSERT INTO promoter (Company_Name, Promoter_Name) VALUES ('Kanoodle', 'Abbie Joyce');
INSERT INTO promoter (Company_Name, Promoter_Name) VALUES ('Linktype', 'Olivier Rossant');
INSERT INTO promoter (Company_Name, Promoter_Name) VALUES ('Yata', 'Eleanora Coatman');
INSERT INTO promoter (Company_Name, Promoter_Name) VALUES ('Digitube', 'Jamey Bottle');
INSERT INTO promoter (Company_Name, Promoter_Name) VALUES ('Flashspan', 'Bailie Halhead');
INSERT INTO promoter (Company_Name, Promoter_Name) VALUES ('Topicware', 'Ty Bridewell');
INSERT INTO promoter (Company_Name, Promoter_Name) VALUES ('Mymm', 'Theodore Murphy');
INSERT INTO promoter (Company_Name, Promoter_Name) VALUES ('Kwilith', 'Falito Lade');
INSERT INTO promoter (Company_Name, Promoter_Name) VALUES ('Devpoint', 'Mariellen Bawles');
INSERT INTO promoter (Company_Name, Promoter_Name) VALUES ('Buzzbean', 'Dorrie Gomme');
INSERT INTO promoter (Company_Name, Promoter_Name) VALUES ('Vimbo', 'Quill MacGaughey');
INSERT INTO promoter (Company_Name, Promoter_Name) VALUES ('Skyba', 'Antonie Lowres');

--IPO
INSERT INTO IPO (Company_Name, Stockexchange, Startdate, Enddate, Listing_Date, Min_Investment, Max_Investment, LotSize) VALUES ('Oozz', 'NSE', '4/7/05', '5/27/05', '6/2/05', '39306.05', '431554.32', '6910');
INSERT INTO IPO (Company_Name, Stockexchange, Startdate, Enddate, Listing_Date, Min_Investment, Max_Investment, LotSize) VALUES ('Twitterworks', 'NSE', '4/8/05', '5/28/05', '6/3/05', '3053.91', '378343.73', '699');
INSERT INTO IPO (Company_Name, Stockexchange, Startdate, Enddate, Listing_Date, Min_Investment, Max_Investment, LotSize) VALUES ('Yozio', 'BSE', '4/9/05', '5/29/05', '6/4/05', '63916.32', '544953.39', '777');
INSERT INTO IPO (Company_Name, Stockexchange, Startdate, Enddate, Listing_Date, Min_Investment, Max_Investment, LotSize) VALUES ('Photolist', 'NSE', '4/10/05', '5/30/05', '6/5/05', '72645.93', '435206.17', '3585');
INSERT INTO IPO (Company_Name, Stockexchange, Startdate, Enddate, Listing_Date, Min_Investment, Max_Investment, LotSize) VALUES ('Oyonder', 'NSE', '4/11/05', '5/31/05', '6/6/05', '63086.39', '123002.72', '2188');
INSERT INTO IPO (Company_Name, Stockexchange, Startdate, Enddate, Listing_Date, Min_Investment, Max_Investment, LotSize) VALUES ('Jabbertype', 'NSE', '4/12/05', '6/1/05', '6/7/05', '92664.48', '8609.94', '5711');
INSERT INTO IPO (Company_Name, Stockexchange, Startdate, Enddate, Listing_Date, Min_Investment, Max_Investment, LotSize) VALUES ('Zoonder', 'NSE', '4/13/05', '6/2/05', '6/8/05', '81675.36', '877428.09', '5092');
INSERT INTO IPO (Company_Name, Stockexchange, Startdate, Enddate, Listing_Date, Min_Investment, Max_Investment, LotSize) VALUES ('Trudoo', 'NSE', '4/14/05', '6/3/05', '6/9/05', '52103.16', '273622.02', '9442');
INSERT INTO IPO (Company_Name, Stockexchange, Startdate, Enddate, Listing_Date, Min_Investment, Max_Investment, LotSize) VALUES ('Tagchat', 'NSE', '4/15/05', '6/4/05', '6/10/05', '52781.67', '807262.73', '5636');
INSERT INTO IPO (Company_Name, Stockexchange, Startdate, Enddate, Listing_Date, Min_Investment, Max_Investment, LotSize) VALUES ('Blogspan', 'NSE', '4/16/05', '6/5/05', '6/11/05', '98357.04', '154392.99', '6748');
INSERT INTO IPO (Company_Name, Stockexchange, Startdate, Enddate, Listing_Date, Min_Investment, Max_Investment, LotSize) VALUES ('Flashspan', 'BSE', '4/17/05', '6/6/05', '6/12/05', '50561.56', '270787.15', '7190');
INSERT INTO IPO (Company_Name, Stockexchange, Startdate, Enddate, Listing_Date, Min_Investment, Max_Investment, LotSize) VALUES ('Realbridge', 'NSE', '4/18/05', '6/7/05', '6/13/05', '78963.16', '258916.88', '8267');
INSERT INTO IPO (Company_Name, Stockexchange, Startdate, Enddate, Listing_Date, Min_Investment, Max_Investment, LotSize) VALUES ('Fatz', 'NSE', '4/19/05', '6/8/05', '6/14/05', '6577.98', '407502.99', '7931');
INSERT INTO IPO (Company_Name, Stockexchange, Startdate, Enddate, Listing_Date, Min_Investment, Max_Investment, LotSize) VALUES ('Tazzy', 'NSE', '4/20/05', '6/9/05', '6/15/05', '26947.41', '170007.31', '8960');
INSERT INTO IPO (Company_Name, Stockexchange, Startdate, Enddate, Listing_Date, Min_Investment, Max_Investment, LotSize) VALUES ('Rhybox', 'BSE', '4/21/05', '6/10/05', '6/16/05', '13672.52', '48671.44', '7936');
INSERT INTO IPO (Company_Name, Stockexchange, Startdate, Enddate, Listing_Date, Min_Investment, Max_Investment, LotSize) VALUES ('Muxo', 'BSE', '4/22/05', '6/11/05', '6/17/05', '65012.93', '143893.12', '8940');
INSERT INTO IPO (Company_Name, Stockexchange, Startdate, Enddate, Listing_Date, Min_Investment, Max_Investment, LotSize) VALUES ('Twitterbeat', 'NSE', '4/23/05', '6/12/05', '6/18/05', '16816.24', '784489.37', '1019');
INSERT INTO IPO (Company_Name, Stockexchange, Startdate, Enddate, Listing_Date, Min_Investment, Max_Investment, LotSize) VALUES ('Voomm', 'NSE', '4/24/05', '6/13/05', '6/19/05', '82180.74', '870722.13', '9705');
INSERT INTO IPO (Company_Name, Stockexchange, Startdate, Enddate, Listing_Date, Min_Investment, Max_Investment, LotSize) VALUES ('Linkbridge', 'NSE', '4/25/05', '6/14/05', '6/20/05', '11567.07', '180688', '903');
INSERT INTO IPO (Company_Name, Stockexchange, Startdate, Enddate, Listing_Date, Min_Investment, Max_Investment, LotSize) VALUES ('Shuffledrive', 'NSE', '4/26/05', '6/15/05', '6/21/05', '53890.49', '647945.55', '7134');
INSERT INTO IPO (Company_Name, Stockexchange, Startdate, Enddate, Listing_Date, Min_Investment, Max_Investment, LotSize) VALUES ('Gabcube', 'BSE', '4/27/05', '6/16/05', '6/22/05', '34574.75', '436908.2', '7110');
INSERT INTO IPO (Company_Name, Stockexchange, Startdate, Enddate, Listing_Date, Min_Investment, Max_Investment, LotSize) VALUES ('Skivee', 'BSE', '4/28/05', '6/17/05', '6/23/05', '36179.43', '739273.57', '6121');
INSERT INTO IPO (Company_Name, Stockexchange, Startdate, Enddate, Listing_Date, Min_Investment, Max_Investment, LotSize) VALUES ('Topdrive', 'NSE', '4/29/05', '6/18/05', '6/24/05', '6980.51', '704003.11', '6006');
INSERT INTO IPO (Company_Name, Stockexchange, Startdate, Enddate, Listing_Date, Min_Investment, Max_Investment, LotSize) VALUES ('Kayveo', 'NSE', '4/30/05', '6/19/05', '6/25/05', '96122.53', '956387.64', '8453');
INSERT INTO IPO (Company_Name, Stockexchange, Startdate, Enddate, Listing_Date, Min_Investment, Max_Investment, LotSize) VALUES ('Eare', 'NSE', '5/1/05', '6/20/05', '6/26/05', '2348.15', '302687.89', '4325');
INSERT INTO IPO (Company_Name, Stockexchange, Startdate, Enddate, Listing_Date, Min_Investment, Max_Investment, LotSize) VALUES ('LiveZ', 'BSE', '5/2/05', '6/21/05', '6/27/05', '76441.31', '941814.98', '4686');
INSERT INTO IPO (Company_Name, Stockexchange, Startdate, Enddate, Listing_Date, Min_Investment, Max_Investment, LotSize) VALUES ('Photojam', 'NSE', '5/3/05', '6/22/05', '6/28/05', '57389.29', '830455.32', '9097');
INSERT INTO IPO (Company_Name, Stockexchange, Startdate, Enddate, Listing_Date, Min_Investment, Max_Investment, LotSize) VALUES ('Meejo', 'NSE', '5/4/05', '6/23/05', '6/29/05', '80432.75', '260899.93', '6451');
INSERT INTO IPO (Company_Name, Stockexchange, Startdate, Enddate, Listing_Date, Min_Investment, Max_Investment, LotSize) VALUES ('Abata', 'NSE', '5/5/05', '6/24/05', '6/30/05', '51248.31', '729404.98', '3983');
INSERT INTO IPO (Company_Name, Stockexchange, Startdate, Enddate, Listing_Date, Min_Investment, Max_Investment, LotSize) VALUES ('Youspan', 'BSE', '5/6/05', '6/25/05', '7/1/05', '873.51', '399467.62', '9211');
INSERT INTO IPO (Company_Name, Stockexchange, Startdate, Enddate, Listing_Date, Min_Investment, Max_Investment, LotSize) VALUES ('Yamia', 'BSE', '5/7/05', '6/26/05', '7/2/05', '25239.93', '496494.56', '2826');
INSERT INTO IPO (Company_Name, Stockexchange, Startdate, Enddate, Listing_Date, Min_Investment, Max_Investment, LotSize) VALUES ('Flipopia', 'BSE', '5/8/05', '6/27/05', '7/3/05', '56073.37', '534820.55', '8976');
INSERT INTO IPO (Company_Name, Stockexchange, Startdate, Enddate, Listing_Date, Min_Investment, Max_Investment, LotSize) VALUES ('Yodo', 'NSE', '5/9/05', '6/28/05', '7/4/05', '87661.92', '47605.09', '6945');
INSERT INTO IPO (Company_Name, Stockexchange, Startdate, Enddate, Listing_Date, Min_Investment, Max_Investment, LotSize) VALUES ('Rhynoodle', 'BSE', '5/10/05', '6/29/05', '7/5/05', '96790.33', '769145.69', '3645');
INSERT INTO IPO (Company_Name, Stockexchange, Startdate, Enddate, Listing_Date, Min_Investment, Max_Investment, LotSize) VALUES ('Realfire', 'BSE', '5/11/05', '6/30/05', '7/6/05', '32389.32', '182129.17', '4621');
INSERT INTO IPO (Company_Name, Stockexchange, Startdate, Enddate, Listing_Date, Min_Investment, Max_Investment, LotSize) VALUES ('Quinu', 'BSE', '5/12/05', '7/1/05', '7/7/05', '38512.41', '928554.44', '1585');
INSERT INTO IPO (Company_Name, Stockexchange, Startdate, Enddate, Listing_Date, Min_Investment, Max_Investment, LotSize) VALUES ('Kwimbee', 'NSE', '5/13/05', '7/2/05', '7/8/05', '15251.33', '25765.2', '4393');
INSERT INTO IPO (Company_Name, Stockexchange, Startdate, Enddate, Listing_Date, Min_Investment, Max_Investment, LotSize) VALUES ('Dablist', 'NSE', '5/14/05', '7/3/05', '7/9/05', '16853.81', '444199.41', '2853');
INSERT INTO IPO (Company_Name, Stockexchange, Startdate, Enddate, Listing_Date, Min_Investment, Max_Investment, LotSize) VALUES ('Browseblab', 'BSE', '5/15/05', '7/4/05', '7/10/05', '14148.22', '431184.22', '8046');
INSERT INTO IPO (Company_Name, Stockexchange, Startdate, Enddate, Listing_Date, Min_Investment, Max_Investment, LotSize) VALUES ('Dynazzy', 'NSE', '5/16/05', '7/5/05', '7/11/05', '59221.09', '679486.26', '5950');
INSERT INTO IPO (Company_Name, Stockexchange, Startdate, Enddate, Listing_Date, Min_Investment, Max_Investment, LotSize) VALUES ('Gabtype', 'BSE', '5/17/05', '7/6/05', '7/12/05', '32612.83', '788799.22', '8116');
INSERT INTO IPO (Company_Name, Stockexchange, Startdate, Enddate, Listing_Date, Min_Investment, Max_Investment, LotSize) VALUES ('Demivee', 'BSE', '5/18/05', '7/7/05', '7/13/05', '66524.76', '585023.59', '3010');
INSERT INTO IPO (Company_Name, Stockexchange, Startdate, Enddate, Listing_Date, Min_Investment, Max_Investment, LotSize) VALUES ('Jayo', 'BSE', '5/19/05', '7/8/05', '7/14/05', '4551.26', '93856.87', '2741');
INSERT INTO IPO (Company_Name, Stockexchange, Startdate, Enddate, Listing_Date, Min_Investment, Max_Investment, LotSize) VALUES ('Talane', 'NSE', '5/20/05', '7/9/05', '7/15/05', '42589.66', '989380.26', '3918');
INSERT INTO IPO (Company_Name, Stockexchange, Startdate, Enddate, Listing_Date, Min_Investment, Max_Investment, LotSize) VALUES ('Quire', 'BSE', '5/21/05', '7/10/05', '7/16/05', '89642.7', '652412.4', '4596');
INSERT INTO IPO (Company_Name, Stockexchange, Startdate, Enddate, Listing_Date, Min_Investment, Max_Investment, LotSize) VALUES ('Photobug', 'BSE', '5/22/05', '7/11/05', '7/17/05', '69631.06', '829266.75', '8932');
INSERT INTO IPO (Company_Name, Stockexchange, Startdate, Enddate, Listing_Date, Min_Investment, Max_Investment, LotSize) VALUES ('Topiczoom', 'BSE', '5/23/05', '7/12/05', '7/18/05', '56433.88', '945621.54', '703');
INSERT INTO IPO (Company_Name, Stockexchange, Startdate, Enddate, Listing_Date, Min_Investment, Max_Investment, LotSize) VALUES ('Skyvu', 'NSE', '5/24/05', '7/13/05', '7/19/05', '92950.34', '193703.25', '5671');
INSERT INTO IPO (Company_Name, Stockexchange, Startdate, Enddate, Listing_Date, Min_Investment, Max_Investment, LotSize) VALUES ('Chatterbridge', 'NSE', '5/25/05', '7/14/05', '7/20/05', '81345.37', '687666.82', '7284');
INSERT INTO IPO (Company_Name, Stockexchange, Startdate, Enddate, Listing_Date, Min_Investment, Max_Investment, LotSize) VALUES ('Fadeo', 'NSE', '5/26/05', '7/15/05', '7/21/05', '15006.27', '603093.96', '2618');


--Bidded
INSERT INTO Bidded (Company_Name, Stockexchange, Startdate, Enddate, Login_ID, Status, Bidded_Lots) VALUES ('Oozz', 'NSE', '4/7/05', '5/27/05', '56426096', 'Approved', '1');
INSERT INTO Bidded (Company_Name, Stockexchange, Startdate, Enddate, Login_ID, Status, Bidded_Lots) VALUES ('Twitterworks', 'NSE', '4/8/05', '5/28/05', '24722292', 'Revoked', '1');
INSERT INTO Bidded (Company_Name, Stockexchange, Startdate, Enddate, Login_ID, Status, Bidded_Lots) VALUES ('Yozio', 'BSE', '4/9/05', '5/29/05', '95037312', 'Approved', '1');
INSERT INTO Bidded (Company_Name, Stockexchange, Startdate, Enddate, Login_ID, Status, Bidded_Lots) VALUES ('Photolist', 'NSE', '4/10/05', '5/30/05', '37513341', 'Revoked', '1');
INSERT INTO Bidded (Company_Name, Stockexchange, Startdate, Enddate, Login_ID, Status, Bidded_Lots) VALUES ('Oyonder', 'NSE', '4/11/05', '5/31/05', '65469628', 'Revoked', '1');
INSERT INTO Bidded (Company_Name, Stockexchange, Startdate, Enddate, Login_ID, Status, Bidded_Lots) VALUES ('Jabbertype', 'NSE', '4/12/05', '6/1/05', '19925288', 'Approved', '1');
INSERT INTO Bidded (Company_Name, Stockexchange, Startdate, Enddate, Login_ID, Status, Bidded_Lots) VALUES ('Zoonder', 'NSE', '4/13/05', '6/2/05', '51737445', 'Approved', '1');
INSERT INTO Bidded (Company_Name, Stockexchange, Startdate, Enddate, Login_ID, Status, Bidded_Lots) VALUES ('Trudoo', 'NSE', '4/14/05', '6/3/05', '30324430', 'Revoked', '1');
INSERT INTO Bidded (Company_Name, Stockexchange, Startdate, Enddate, Login_ID, Status, Bidded_Lots) VALUES ('Tagchat', 'NSE', '4/15/05', '6/4/05', '85893411', 'Pending', '1');
INSERT INTO Bidded (Company_Name, Stockexchange, Startdate, Enddate, Login_ID, Status, Bidded_Lots) VALUES ('Blogspan', 'NSE', '4/16/05', '6/5/05', '81876435', 'Approved', '1');
INSERT INTO Bidded (Company_Name, Stockexchange, Startdate, Enddate, Login_ID, Status, Bidded_Lots) VALUES ('Flashspan', 'BSE', '4/17/05', '6/6/05', '53976275', 'Approved', '1');
INSERT INTO Bidded (Company_Name, Stockexchange, Startdate, Enddate, Login_ID, Status, Bidded_Lots) VALUES ('Realbridge', 'NSE', '4/18/05', '6/7/05', '28775470', 'Pending', '1');
INSERT INTO Bidded (Company_Name, Stockexchange, Startdate, Enddate, Login_ID, Status, Bidded_Lots) VALUES ('Fatz', 'NSE', '4/19/05', '6/8/05', '28411048', 'Pending', '1');
INSERT INTO Bidded (Company_Name, Stockexchange, Startdate, Enddate, Login_ID, Status, Bidded_Lots) VALUES ('Tazzy', 'NSE', '4/20/05', '6/9/05', '25061983', 'Pending', '1');
INSERT INTO Bidded (Company_Name, Stockexchange, Startdate, Enddate, Login_ID, Status, Bidded_Lots) VALUES ('Rhybox', 'BSE', '4/21/05', '6/10/05', '53499276', 'Revoked', '1');
INSERT INTO Bidded (Company_Name, Stockexchange, Startdate, Enddate, Login_ID, Status, Bidded_Lots) VALUES ('Muxo', 'BSE', '4/22/05', '6/11/05', '86886777', 'Approved', '1');
INSERT INTO Bidded (Company_Name, Stockexchange, Startdate, Enddate, Login_ID, Status, Bidded_Lots) VALUES ('Twitterbeat', 'NSE', '4/23/05', '6/12/05', '17817579', 'Approved', '1');
INSERT INTO Bidded (Company_Name, Stockexchange, Startdate, Enddate, Login_ID, Status, Bidded_Lots) VALUES ('Voomm', 'NSE', '4/24/05', '6/13/05', '56315906', 'Revoked', '1');
INSERT INTO Bidded (Company_Name, Stockexchange, Startdate, Enddate, Login_ID, Status, Bidded_Lots) VALUES ('Linkbridge', 'NSE', '4/25/05', '6/14/05', '37865920', 'Approved', '1');
INSERT INTO Bidded (Company_Name, Stockexchange, Startdate, Enddate, Login_ID, Status, Bidded_Lots) VALUES ('Shuffledrive', 'NSE', '4/26/05', '6/15/05', '98135231', 'Approved', '1');
INSERT INTO Bidded (Company_Name, Stockexchange, Startdate, Enddate, Login_ID, Status, Bidded_Lots) VALUES ('Gabcube', 'BSE', '4/27/05', '6/16/05', '99333102', 'Revoked', '1');
INSERT INTO Bidded (Company_Name, Stockexchange, Startdate, Enddate, Login_ID, Status, Bidded_Lots) VALUES ('Skivee', 'BSE', '4/28/05', '6/17/05', '65698771', 'Approved', '1');
INSERT INTO Bidded (Company_Name, Stockexchange, Startdate, Enddate, Login_ID, Status, Bidded_Lots) VALUES ('Topdrive', 'NSE', '4/29/05', '6/18/05', '32118456', 'Pending', '1');
INSERT INTO Bidded (Company_Name, Stockexchange, Startdate, Enddate, Login_ID, Status, Bidded_Lots) VALUES ('Kayveo', 'NSE', '4/30/05', '6/19/05', '48844006', 'Revoked', '1');
INSERT INTO Bidded (Company_Name, Stockexchange, Startdate, Enddate, Login_ID, Status, Bidded_Lots) VALUES ('Eare', 'NSE', '5/1/05', '6/20/05', '51401436', 'Revoked', '1');
INSERT INTO Bidded (Company_Name, Stockexchange, Startdate, Enddate, Login_ID, Status, Bidded_Lots) VALUES ('LiveZ', 'BSE', '5/2/05', '6/21/05', '20646905', 'Approved', '1');
INSERT INTO Bidded (Company_Name, Stockexchange, Startdate, Enddate, Login_ID, Status, Bidded_Lots) VALUES ('Photojam', 'NSE', '5/3/05', '6/22/05', '31710830', 'Revoked', '1');
INSERT INTO Bidded (Company_Name, Stockexchange, Startdate, Enddate, Login_ID, Status, Bidded_Lots) VALUES ('Meejo', 'NSE', '5/4/05', '6/23/05', '66590889', 'Approved', '1');
INSERT INTO Bidded (Company_Name, Stockexchange, Startdate, Enddate, Login_ID, Status, Bidded_Lots) VALUES ('Abata', 'NSE', '5/5/05', '6/24/05', '75758482', 'Revoked', '1');
INSERT INTO Bidded (Company_Name, Stockexchange, Startdate, Enddate, Login_ID, Status, Bidded_Lots) VALUES ('Youspan', 'BSE', '5/6/05', '6/25/05', '40519969', 'Approved', '1');
INSERT INTO Bidded (Company_Name, Stockexchange, Startdate, Enddate, Login_ID, Status, Bidded_Lots) VALUES ('Yamia', 'BSE', '5/7/05', '6/26/05', '25617750', 'Revoked', '1');
INSERT INTO Bidded (Company_Name, Stockexchange, Startdate, Enddate, Login_ID, Status, Bidded_Lots) VALUES ('Flipopia', 'BSE', '5/8/05', '6/27/05', '42122149', 'Revoked', '1');
INSERT INTO Bidded (Company_Name, Stockexchange, Startdate, Enddate, Login_ID, Status, Bidded_Lots) VALUES ('Yodo', 'NSE', '5/9/05', '6/28/05', '77680349', 'Pending', '1');
INSERT INTO Bidded (Company_Name, Stockexchange, Startdate, Enddate, Login_ID, Status, Bidded_Lots) VALUES ('Rhynoodle', 'BSE', '5/10/05', '6/29/05', '11456253', 'Approved', '1');
INSERT INTO Bidded (Company_Name, Stockexchange, Startdate, Enddate, Login_ID, Status, Bidded_Lots) VALUES ('Realfire', 'BSE', '5/11/05', '6/30/05', '86462169', 'Approved', '1');
INSERT INTO Bidded (Company_Name, Stockexchange, Startdate, Enddate, Login_ID, Status, Bidded_Lots) VALUES ('Quinu', 'BSE', '5/12/05', '7/1/05', '46734301', 'Approved', '1');
INSERT INTO Bidded (Company_Name, Stockexchange, Startdate, Enddate, Login_ID, Status, Bidded_Lots) VALUES ('Kwimbee', 'NSE', '5/13/05', '7/2/05', '89084267', 'Approved', '1');
INSERT INTO Bidded (Company_Name, Stockexchange, Startdate, Enddate, Login_ID, Status, Bidded_Lots) VALUES ('Dablist', 'NSE', '5/14/05', '7/3/05', '30820148', 'Approved', '1');
INSERT INTO Bidded (Company_Name, Stockexchange, Startdate, Enddate, Login_ID, Status, Bidded_Lots) VALUES ('Browseblab', 'BSE', '5/15/05', '7/4/05', '19964880', 'Approved', '1');
INSERT INTO Bidded (Company_Name, Stockexchange, Startdate, Enddate, Login_ID, Status, Bidded_Lots) VALUES ('Dynazzy', 'NSE', '5/16/05', '7/5/05', '91648372', 'Pending', '1');
INSERT INTO Bidded (Company_Name, Stockexchange, Startdate, Enddate, Login_ID, Status, Bidded_Lots) VALUES ('Gabtype', 'BSE', '5/17/05', '7/6/05', '13217079', 'Pending', '1');
INSERT INTO Bidded (Company_Name, Stockexchange, Startdate, Enddate, Login_ID, Status, Bidded_Lots) VALUES ('Demivee', 'BSE', '5/18/05', '7/7/05', '31865361', 'Approved', '1');
INSERT INTO Bidded (Company_Name, Stockexchange, Startdate, Enddate, Login_ID, Status, Bidded_Lots) VALUES ('Jayo', 'BSE', '5/19/05', '7/8/05', '70603301', 'Pending', '1');
INSERT INTO Bidded (Company_Name, Stockexchange, Startdate, Enddate, Login_ID, Status, Bidded_Lots) VALUES ('Talane', 'NSE', '5/20/05', '7/9/05', '93196758', 'Revoked', '1');
INSERT INTO Bidded (Company_Name, Stockexchange, Startdate, Enddate, Login_ID, Status, Bidded_Lots) VALUES ('Quire', 'BSE', '5/21/05', '7/10/05', '28939162', 'Pending', '1');
INSERT INTO Bidded (Company_Name, Stockexchange, Startdate, Enddate, Login_ID, Status, Bidded_Lots) VALUES ('Photobug', 'BSE', '5/22/05', '7/11/05', '68478288', 'Pending', '1');
INSERT INTO Bidded (Company_Name, Stockexchange, Startdate, Enddate, Login_ID, Status, Bidded_Lots) VALUES ('Topiczoom', 'BSE', '5/23/05', '7/12/05', '40236454', 'Revoked', '1');
INSERT INTO Bidded (Company_Name, Stockexchange, Startdate, Enddate, Login_ID, Status, Bidded_Lots) VALUES ('Skyvu', 'NSE', '5/24/05', '7/13/05', '66442759', 'Revoked', '1');
INSERT INTO Bidded (Company_Name, Stockexchange, Startdate, Enddate, Login_ID, Status, Bidded_Lots) VALUES ('Chatterbridge', 'NSE', '5/25/05', '7/14/05', '28353600', 'Approved', '1');
INSERT INTO Bidded (Company_Name, Stockexchange, Startdate, Enddate, Login_ID, Status, Bidded_Lots) VALUES ('Fadeo', 'NSE', '5/26/05', '7/15/05', '15826554', 'Approved', '1');
INSERT INTO Bidded (Company_Name, Stockexchange, Startdate, Enddate, Login_ID, Status, Bidded_Lots) VALUES ('Twitterworks', 'NSE', '4/8/05', '5/28/05', '56426096', 'Approved', '1');

--IPO_WATCHLIST
INSERT INTO IPO_WATCHLIST (Company_Name, Stockexchange, Startdate, Enddate, Login_ID) VALUES ('Oozz', 'NSE', '4/7/05', '5/27/05', '56426096');
INSERT INTO IPO_WATCHLIST (Company_Name, Stockexchange, Startdate, Enddate, Login_ID) VALUES ('Twitterworks', 'NSE', '4/8/05', '5/28/05', '24722292');
INSERT INTO IPO_WATCHLIST (Company_Name, Stockexchange, Startdate, Enddate, Login_ID) VALUES ('Yozio', 'BSE', '4/9/05', '5/29/05', '95037312');
INSERT INTO IPO_WATCHLIST (Company_Name, Stockexchange, Startdate, Enddate, Login_ID) VALUES ('Photolist', 'NSE', '4/10/05', '5/30/05', '37513341');
INSERT INTO IPO_WATCHLIST (Company_Name, Stockexchange, Startdate, Enddate, Login_ID) VALUES ('Oyonder', 'NSE', '4/11/05', '5/31/05', '65469628');
INSERT INTO IPO_WATCHLIST (Company_Name, Stockexchange, Startdate, Enddate, Login_ID) VALUES ('Jabbertype', 'NSE', '4/12/05', '6/1/05', '19925288');
INSERT INTO IPO_WATCHLIST (Company_Name, Stockexchange, Startdate, Enddate, Login_ID) VALUES ('Zoonder', 'NSE', '4/13/05', '6/2/05', '51737445');
INSERT INTO IPO_WATCHLIST (Company_Name, Stockexchange, Startdate, Enddate, Login_ID) VALUES ('Trudoo', 'NSE', '4/14/05', '6/3/05', '30324430');
INSERT INTO IPO_WATCHLIST (Company_Name, Stockexchange, Startdate, Enddate, Login_ID) VALUES ('Tagchat', 'NSE', '4/15/05', '6/4/05', '85893411');
INSERT INTO IPO_WATCHLIST (Company_Name, Stockexchange, Startdate, Enddate, Login_ID) VALUES ('Blogspan', 'NSE', '4/16/05', '6/5/05', '81876435');
INSERT INTO IPO_WATCHLIST (Company_Name, Stockexchange, Startdate, Enddate, Login_ID) VALUES ('Flashspan', 'BSE', '4/17/05', '6/6/05', '53976275');
INSERT INTO IPO_WATCHLIST (Company_Name, Stockexchange, Startdate, Enddate, Login_ID) VALUES ('Realbridge', 'NSE', '4/18/05', '6/7/05', '28775470');
INSERT INTO IPO_WATCHLIST (Company_Name, Stockexchange, Startdate, Enddate, Login_ID) VALUES ('Fatz', 'NSE', '4/19/05', '6/8/05', '28411048');
INSERT INTO IPO_WATCHLIST (Company_Name, Stockexchange, Startdate, Enddate, Login_ID) VALUES ('Tazzy', 'NSE', '4/20/05', '6/9/05', '25061983');
INSERT INTO IPO_WATCHLIST (Company_Name, Stockexchange, Startdate, Enddate, Login_ID) VALUES ('Rhybox', 'BSE', '4/21/05', '6/10/05', '56426096');
INSERT INTO IPO_WATCHLIST (Company_Name, Stockexchange, Startdate, Enddate, Login_ID) VALUES ('Muxo', 'BSE', '4/22/05', '6/11/05', '24722292');
INSERT INTO IPO_WATCHLIST (Company_Name, Stockexchange, Startdate, Enddate, Login_ID) VALUES ('Twitterbeat', 'NSE', '4/23/05', '6/12/05', '95037312');
INSERT INTO IPO_WATCHLIST (Company_Name, Stockexchange, Startdate, Enddate, Login_ID) VALUES ('Voomm', 'NSE', '4/24/05', '6/13/05', '37513341');
INSERT INTO IPO_WATCHLIST (Company_Name, Stockexchange, Startdate, Enddate, Login_ID) VALUES ('Linkbridge', 'NSE', '4/25/05', '6/14/05', '65469628');
INSERT INTO IPO_WATCHLIST (Company_Name, Stockexchange, Startdate, Enddate, Login_ID) VALUES ('Shuffledrive', 'NSE', '4/26/05', '6/15/05', '19925288');
INSERT INTO IPO_WATCHLIST (Company_Name, Stockexchange, Startdate, Enddate, Login_ID) VALUES ('Gabcube', 'BSE', '4/27/05', '6/16/05', '51737445');
INSERT INTO IPO_WATCHLIST (Company_Name, Stockexchange, Startdate, Enddate, Login_ID) VALUES ('Skivee', 'BSE', '4/28/05', '6/17/05', '30324430');
INSERT INTO IPO_WATCHLIST (Company_Name, Stockexchange, Startdate, Enddate, Login_ID) VALUES ('Topdrive', 'NSE', '4/29/05', '6/18/05', '85893411');
INSERT INTO IPO_WATCHLIST (Company_Name, Stockexchange, Startdate, Enddate, Login_ID) VALUES ('Kayveo', 'NSE', '4/30/05', '6/19/05', '81876435');
INSERT INTO IPO_WATCHLIST (Company_Name, Stockexchange, Startdate, Enddate, Login_ID) VALUES ('Eare', 'NSE', '5/1/05', '6/20/05', '53976275');
INSERT INTO IPO_WATCHLIST (Company_Name, Stockexchange, Startdate, Enddate, Login_ID) VALUES ('LiveZ', 'BSE', '5/2/05', '6/21/05', '28775470');
INSERT INTO IPO_WATCHLIST (Company_Name, Stockexchange, Startdate, Enddate, Login_ID) VALUES ('Photojam', 'NSE', '5/3/05', '6/22/05', '28411048');
INSERT INTO IPO_WATCHLIST (Company_Name, Stockexchange, Startdate, Enddate, Login_ID) VALUES ('Meejo', 'NSE', '5/4/05', '6/23/05', '25061983');

--Stock
INSERT INTO Stock (StockSymbol, StockExchange, Curr_Price, Total_Qty, Company_name) VALUES ('PTLOPBLEZSMRKLD', 'NSE', '8311', '443141064', 'Oozz');
INSERT INTO Stock (StockSymbol, StockExchange, Curr_Price, Total_Qty, Company_name) VALUES ('IVTJLEPBKLZVLQG', 'BSE', '482', '1428456224', 'Twitterworks');
INSERT INTO Stock (StockSymbol, StockExchange, Curr_Price, Total_Qty, Company_name) VALUES ('NJKZWRVMTYTSOOJ', 'BSE', '3030', '7984044968', 'Yozio');
INSERT INTO Stock (StockSymbol, StockExchange, Curr_Price, Total_Qty, Company_name) VALUES ('GBFAXVFHCZVNZQM', 'BSE', '3586', '5968216485', 'Photolist');
INSERT INTO Stock (StockSymbol, StockExchange, Curr_Price, Total_Qty, Company_name) VALUES ('PKRQBEOYDJYXNLQ', 'BSE', '5439', '7902530108', 'Oyonder');
INSERT INTO Stock (StockSymbol, StockExchange, Curr_Price, Total_Qty, Company_name) VALUES ('YXVSDJMFPFXVORB', 'BSE', '742', '9389210161', 'Jabbertype');
INSERT INTO Stock (StockSymbol, StockExchange, Curr_Price, Total_Qty, Company_name) VALUES ('XLAWVJLUTOJIUDL', 'NSE', '6647', '1803766232', 'Zoonder');
INSERT INTO Stock (StockSymbol, StockExchange, Curr_Price, Total_Qty, Company_name) VALUES ('TBDZRCUWNNTSPGT', 'NSE', '8657', '2097857668', 'Trudoo');
INSERT INTO Stock (StockSymbol, StockExchange, Curr_Price, Total_Qty, Company_name) VALUES ('MBCQBDDGVQYVXJP', 'NSE', '1052', '8985097605', 'Tagchat');
INSERT INTO Stock (StockSymbol, StockExchange, Curr_Price, Total_Qty, Company_name) VALUES ('OLCVXDOVQBWZRTY', 'NSE', '8466', '5167945744', 'Blogspan');
INSERT INTO Stock (StockSymbol, StockExchange, Curr_Price, Total_Qty, Company_name) VALUES ('QDMONPWSLHLYRUB', 'NSE', '4393', '2391208641', 'Flashspan');
INSERT INTO Stock (StockSymbol, StockExchange, Curr_Price, Total_Qty, Company_name) VALUES ('IJZABMUMITUXGIN', 'BSE', '5464', '3915110876', 'Realbridge');
INSERT INTO Stock (StockSymbol, StockExchange, Curr_Price, Total_Qty, Company_name) VALUES ('OMFYRDLHOCOPMWD', 'BSE', '6003', '882715939', 'Fatz');
INSERT INTO Stock (StockSymbol, StockExchange, Curr_Price, Total_Qty, Company_name) VALUES ('EDLWPAMAISZHKIX', 'BSE', '7865', '2531876567', 'Tazzy');
INSERT INTO Stock (StockSymbol, StockExchange, Curr_Price, Total_Qty, Company_name) VALUES ('RPXBYUSMCCSFBBW', 'BSE', '1629', '3780462500', 'Rhybox');
INSERT INTO Stock (StockSymbol, StockExchange, Curr_Price, Total_Qty, Company_name) VALUES ('SMBFICNZPJFUZXM', 'BSE', '9653', '4219484184', 'Muxo');
INSERT INTO Stock (StockSymbol, StockExchange, Curr_Price, Total_Qty, Company_name) VALUES ('PLFPVLGKNXBFXQX', 'BSE', '1598', '2106717057', 'Twitterbeat');
INSERT INTO Stock (StockSymbol, StockExchange, Curr_Price, Total_Qty, Company_name) VALUES ('LKDLGNFYJAQTKCR', 'BSE', '7024', '5171851067', 'Voomm');
INSERT INTO Stock (StockSymbol, StockExchange, Curr_Price, Total_Qty, Company_name) VALUES ('YTUFCSKDGMYYEOV', 'NSE', '4242', '3184668526', 'Linkbridge');
INSERT INTO Stock (StockSymbol, StockExchange, Curr_Price, Total_Qty, Company_name) VALUES ('YVNPRHBWFBCUEBZ', 'NSE', '4909', '6424893436', 'Shuffledrive');
INSERT INTO Stock (StockSymbol, StockExchange, Curr_Price, Total_Qty, Company_name) VALUES ('SHTORVMZVNYXAFL', 'BSE', '6102', '8084496958', 'Gabcube');
INSERT INTO Stock (StockSymbol, StockExchange, Curr_Price, Total_Qty, Company_name) VALUES ('XFJZYLDDWVRWQAN', 'BSE', '1387', '6097767049', 'Skivee');
INSERT INTO Stock (StockSymbol, StockExchange, Curr_Price, Total_Qty, Company_name) VALUES ('EOZTFJJULGKIKLN', 'BSE', '5542', '572443775', 'Topdrive');
INSERT INTO Stock (StockSymbol, StockExchange, Curr_Price, Total_Qty, Company_name) VALUES ('HXGXQZFQCYLCILA', 'BSE', '722', '3656195328', 'Kayveo');
INSERT INTO Stock (StockSymbol, StockExchange, Curr_Price, Total_Qty, Company_name) VALUES ('RBXSRKZFTESEJVD', 'NSE', '6353', '4632192263', 'Eare');
INSERT INTO Stock (StockSymbol, StockExchange, Curr_Price, Total_Qty, Company_name) VALUES ('WPPTREVNVTWBJID', 'NSE', '6153', '8567842578', 'LiveZ');
INSERT INTO Stock (StockSymbol, StockExchange, Curr_Price, Total_Qty, Company_name) VALUES ('QRKOODEGYNNPSJD', 'BSE', '1758', '7996876442', 'Photojam');
INSERT INTO Stock (StockSymbol, StockExchange, Curr_Price, Total_Qty, Company_name) VALUES ('RPPUHFEPWABWDMA', 'BSE', '3576', '2902853754', 'Meejo');
INSERT INTO Stock (StockSymbol, StockExchange, Curr_Price, Total_Qty, Company_name) VALUES ('DCEOWUKFDFTONXI', 'BSE', '1123', '9667655676', 'Abata');
INSERT INTO Stock (StockSymbol, StockExchange, Curr_Price, Total_Qty, Company_name) VALUES ('PIIODZEQLCHLVHH', 'BSE', '5811', '996588362', 'Youspan');
INSERT INTO Stock (StockSymbol, StockExchange, Curr_Price, Total_Qty, Company_name) VALUES ('QNPWAWWVPGQLEKV', 'NSE', '4074', '8662961368', 'Yamia');
INSERT INTO Stock (StockSymbol, StockExchange, Curr_Price, Total_Qty, Company_name) VALUES ('CPIHMBVXYSSBDOL', 'NSE', '7654', '9418213669', 'Flipopia');
INSERT INTO Stock (StockSymbol, StockExchange, Curr_Price, Total_Qty, Company_name) VALUES ('IDPUGPAEZIDXDGQ', 'BSE', '4387', '5289708609', 'Yodo');
INSERT INTO Stock (StockSymbol, StockExchange, Curr_Price, Total_Qty, Company_name) VALUES ('HGWICMJCLHCOXLE', 'BSE', '4018', '9343559548', 'Rhynoodle');
INSERT INTO Stock (StockSymbol, StockExchange, Curr_Price, Total_Qty, Company_name) VALUES ('SELULASRPVLBOGI', 'NSE', '6308', '1593933240', 'Realfire');
INSERT INTO Stock (StockSymbol, StockExchange, Curr_Price, Total_Qty, Company_name) VALUES ('JJNTBJXSSWPAWOZ', 'NSE', '1165', '3275886665', 'Quinu');
INSERT INTO Stock (StockSymbol, StockExchange, Curr_Price, Total_Qty, Company_name) VALUES ('SYAQTSEWZOAPRUQ', 'NSE', '7063', '8387714542', 'Kwimbee');
INSERT INTO Stock (StockSymbol, StockExchange, Curr_Price, Total_Qty, Company_name) VALUES ('WTBQOXFUTVWCWYO', 'NSE', '8204', '2698214450', 'Dablist');
INSERT INTO Stock (StockSymbol, StockExchange, Curr_Price, Total_Qty, Company_name) VALUES ('CQWEWMZAEXBWPVL', 'NSE', '8900', '2753814723', 'Browseblab');
INSERT INTO Stock (StockSymbol, StockExchange, Curr_Price, Total_Qty, Company_name) VALUES ('CBRATPZJNXLWRBR', 'BSE', '577', '3630913843', 'Dynazzy');
INSERT INTO Stock (StockSymbol, StockExchange, Curr_Price, Total_Qty, Company_name) VALUES ('BJSXBLMAGUYVDPH', 'NSE', '5026', '1727829846', 'Gabtype');
INSERT INTO Stock (StockSymbol, StockExchange, Curr_Price, Total_Qty, Company_name) VALUES ('CQROVCJCUVNQHPH', 'NSE', '2122', '7141059793', 'Demivee');
INSERT INTO Stock (StockSymbol, StockExchange, Curr_Price, Total_Qty, Company_name) VALUES ('OJWXXMZYEYEEBXF', 'BSE', '1275', '4240157969', 'Jayo');
INSERT INTO Stock (StockSymbol, StockExchange, Curr_Price, Total_Qty, Company_name) VALUES ('IPHXOKFDJSHYGZD', 'BSE', '9357', '8576832805', 'Talane');
INSERT INTO Stock (StockSymbol, StockExchange, Curr_Price, Total_Qty, Company_name) VALUES ('UZGLYNDSXLYJUSJ', 'BSE', '6578', '597265993', 'Quire');
INSERT INTO Stock (StockSymbol, StockExchange, Curr_Price, Total_Qty, Company_name) VALUES ('STIHDDYETSBUJUQ', 'NSE', '6880', '5383908349', 'Photobug');
INSERT INTO Stock (StockSymbol, StockExchange, Curr_Price, Total_Qty, Company_name) VALUES ('EZRZYMQTLALSCBX', 'NSE', '6165', '172193911', 'Topiczoom');
INSERT INTO Stock (StockSymbol, StockExchange, Curr_Price, Total_Qty, Company_name) VALUES ('JGIOFNIZSQIOIVQ', 'NSE', '6614', '9007964264', 'Skyvu');
INSERT INTO Stock (StockSymbol, StockExchange, Curr_Price, Total_Qty, Company_name) VALUES ('ZTJTXSPZQSUPLML', 'NSE', '7997', '5447706069', 'Chatterbridge');
INSERT INTO Stock (StockSymbol, StockExchange, Curr_Price, Total_Qty, Company_name) VALUES ('KDHKCZGQLXMAKLU', 'BSE', '2241', '6839724297', 'Janyx');
INSERT INTO Stock (StockSymbol, StockExchange, Curr_Price, Total_Qty, Company_name) VALUES ('MJANCEDACWSTZLJ', 'BSE', '4745', '2847523380', 'Ooba');
INSERT INTO Stock (StockSymbol, StockExchange, Curr_Price, Total_Qty, Company_name) VALUES ('BUXRUMWNEBKWPIG', 'BSE', '8174', '1305407222', 'Tanoodle');
INSERT INTO Stock (StockSymbol, StockExchange, Curr_Price, Total_Qty, Company_name) VALUES ('RLCNMBUIQLCSLVG', 'NSE', '7442', '6903472227', 'Avamm');
INSERT INTO Stock (StockSymbol, StockExchange, Curr_Price, Total_Qty, Company_name) VALUES ('KIDRQONGLIUMFVH', 'NSE', '8556', '541706726', 'Eadel');
INSERT INTO Stock (StockSymbol, StockExchange, Curr_Price, Total_Qty, Company_name) VALUES ('SDKCPVRCJGNURHK', 'NSE', '4924', '1558858032', 'Kare');
INSERT INTO Stock (StockSymbol, StockExchange, Curr_Price, Total_Qty, Company_name) VALUES ('LNHFPVFDUCBZACE', 'NSE', '8588', '526525859', 'Feedspan');
INSERT INTO Stock (StockSymbol, StockExchange, Curr_Price, Total_Qty, Company_name) VALUES ('XMUWPUKGTNSTBYF', 'NSE', '5184', '6321507332', 'Zoomcast');
INSERT INTO Stock (StockSymbol, StockExchange, Curr_Price, Total_Qty, Company_name) VALUES ('LGGRSWSWDILWKIY', 'BSE', '2555', '4246255721', 'Dynabox');
INSERT INTO Stock (StockSymbol, StockExchange, Curr_Price, Total_Qty, Company_name) VALUES ('KXLPEBDKDUOVJOD', 'NSE', '7548', '3729842137', 'Dazzlesphere');
INSERT INTO Stock (StockSymbol, StockExchange, Curr_Price, Total_Qty, Company_name) VALUES ('VFGPQAJJMVHXOCO', 'BSE', '2010', '5468579671', 'Twinder');
INSERT INTO Stock (StockSymbol, StockExchange, Curr_Price, Total_Qty, Company_name) VALUES ('EZZBRTIQGEZTSDT', 'NSE', '7076', '7111114234', 'Lazz');
INSERT INTO Stock (StockSymbol, StockExchange, Curr_Price, Total_Qty, Company_name) VALUES ('EJIFDOSLNCQFJOZ', 'BSE', '4873', '2842952829', 'Oba');
INSERT INTO Stock (StockSymbol, StockExchange, Curr_Price, Total_Qty, Company_name) VALUES ('EFSHVGDUFNQPAFO', 'BSE', '3342', '873117153', 'Thoughtstorm');
INSERT INTO Stock (StockSymbol, StockExchange, Curr_Price, Total_Qty, Company_name) VALUES ('AXDPFBDRPSSOVCD', 'NSE', '549', '5342421618', 'Leexo');
INSERT INTO Stock (StockSymbol, StockExchange, Curr_Price, Total_Qty, Company_name) VALUES ('SMPKAAZSYOWDIVE', 'BSE', '2439', '9310492534', 'Wikizz');
INSERT INTO Stock (StockSymbol, StockExchange, Curr_Price, Total_Qty, Company_name) VALUES ('OYMMPDUTCSNEFJT', 'BSE', '3304', '6816430594', 'Wikibox');
INSERT INTO Stock (StockSymbol, StockExchange, Curr_Price, Total_Qty, Company_name) VALUES ('ROUQJRMQDMFEAYR', 'NSE', '7304', '4645801517', 'Skiptube');
INSERT INTO Stock (StockSymbol, StockExchange, Curr_Price, Total_Qty, Company_name) VALUES ('UHZERYZLJMHFVWW', 'BSE', '1286', '7475597922', 'Ozu');
INSERT INTO Stock (StockSymbol, StockExchange, Curr_Price, Total_Qty, Company_name) VALUES ('YZMZNZNBYYKMZSS', 'NSE', '5632', '4619640015', 'Centidel');
INSERT INTO Stock (StockSymbol, StockExchange, Curr_Price, Total_Qty, Company_name) VALUES ('GDYLWOMLKKAQUNQ', 'NSE', '7076', '3378575906', 'Rhyloo');
INSERT INTO Stock (StockSymbol, StockExchange, Curr_Price, Total_Qty, Company_name) VALUES ('OOYKNUKBHBEKPFC', 'NSE', '886', '2811112568', 'Feednation');
INSERT INTO Stock (StockSymbol, StockExchange, Curr_Price, Total_Qty, Company_name) VALUES ('YZQITTOLKSRSDRU', 'BSE', '7009', '5954606080', 'Voonder');
INSERT INTO Stock (StockSymbol, StockExchange, Curr_Price, Total_Qty, Company_name) VALUES ('NNZHIQVUNBWHPXL', 'NSE', '4758', '386271643', 'Livetube');
INSERT INTO Stock (StockSymbol, StockExchange, Curr_Price, Total_Qty, Company_name) VALUES ('UKYTDNHWYEZWIJD', 'NSE', '1099', '7497623112', 'Vinte');
INSERT INTO Stock (StockSymbol, StockExchange, Curr_Price, Total_Qty, Company_name) VALUES ('SDGMTWZMELHOCGW', 'NSE', '8587', '1128899092', 'Meetz');
INSERT INTO Stock (StockSymbol, StockExchange, Curr_Price, Total_Qty, Company_name) VALUES ('QZUDOENFGBWIQWC', 'BSE', '6676', '9455030287', 'Kanoodle');
INSERT INTO Stock (StockSymbol, StockExchange, Curr_Price, Total_Qty, Company_name) VALUES ('SQPDFWHUNVZTBYN', 'BSE', '5041', '4567886805', 'Linktype');
INSERT INTO Stock (StockSymbol, StockExchange, Curr_Price, Total_Qty, Company_name) VALUES ('ZRDSCUICIAPAKPK', 'NSE', '1472', '7615889363', 'Yata');
INSERT INTO Stock (StockSymbol, StockExchange, Curr_Price, Total_Qty, Company_name) VALUES ('MFDRXWXGHMJQLOM', 'NSE', '5545', '3203884897', 'Digitube');
INSERT INTO Stock (StockSymbol, StockExchange, Curr_Price, Total_Qty, Company_name) VALUES ('HYXRSTMGJSDZHSB', 'BSE', '4830', '1216844505', 'Topicware');
INSERT INTO Stock (StockSymbol, StockExchange, Curr_Price, Total_Qty, Company_name) VALUES ('PRZKEQKQBLHNCNB', 'NSE', '3895', '7952606720', 'Mymm');
INSERT INTO Stock (StockSymbol, StockExchange, Curr_Price, Total_Qty, Company_name) VALUES ('NIOZSMFDSKNENVO', 'NSE', '4017', '5532797977', 'Kwilith');
INSERT INTO Stock (StockSymbol, StockExchange, Curr_Price, Total_Qty, Company_name) VALUES ('ZWAMRGNZAHJZDLX', 'NSE', '1570', '9555944885', 'Devpoint');
INSERT INTO Stock (StockSymbol, StockExchange, Curr_Price, Total_Qty, Company_name) VALUES ('LISIHCFBDVJDCAC', 'NSE', '1131', '3608743140', 'Buzzbean');
INSERT INTO Stock (StockSymbol, StockExchange, Curr_Price, Total_Qty, Company_name) VALUES ('QXWZAWHBVWKZOXQ', 'BSE', '1463', '5384863368', 'Vimbo');
INSERT INTO Stock (StockSymbol, StockExchange, Curr_Price, Total_Qty, Company_name) VALUES ('SFZYCNKJIQGQHSZ', 'NSE', '9755', '1089358901', 'Skyba');


--StockOrder
INSERT INTO StockOrder (StockSymbol, Login_ID, purchase_Date, purchase_Time, Threshold_Value, Quantity, Buy_Or_Sell, STATUS, StockExchange) VALUES ('PTLOPBLEZSMRKLD', '56426096', '6/29/2005', '10:15 AM', '120', '110', 'Buy', 'Approved', 'NSE');
INSERT INTO StockOrder (StockSymbol, Login_ID, purchase_Date, purchase_Time, Threshold_Value, Quantity, Buy_Or_Sell, STATUS, StockExchange) VALUES ('IVTJLEPBKLZVLQG', '24722292', '6/29/2006', '11:15 AM', '120', '110', 'Buy', 'Approved', 'BSE');
INSERT INTO StockOrder (StockSymbol, Login_ID, purchase_Date, purchase_Time, Threshold_Value, Quantity, Buy_Or_Sell, STATUS, StockExchange) VALUES ('NJKZWRVMTYTSOOJ', '95037312', '6/29/2007', '12:15 PM', '120', '110', 'Buy', 'Approved', 'BSE');
INSERT INTO StockOrder (StockSymbol, Login_ID, purchase_Date, purchase_Time, Threshold_Value, Quantity, Buy_Or_Sell, STATUS, StockExchange) VALUES ('GBFAXVFHCZVNZQM', '37513341', '6/29/2008', '1:15 PM', '120', '110', 'Buy', 'Approved', 'BSE');
INSERT INTO StockOrder (StockSymbol, Login_ID, purchase_Date, purchase_Time, Threshold_Value, Quantity, Buy_Or_Sell, STATUS, StockExchange) VALUES ('PKRQBEOYDJYXNLQ', '65469628', '6/29/2009', '2:15 PM', '120', '110', 'Buy', 'Approved', 'BSE');
INSERT INTO StockOrder (StockSymbol, Login_ID, purchase_Date, purchase_Time, Threshold_Value, Quantity, Buy_Or_Sell, STATUS, StockExchange) VALUES ('YXVSDJMFPFXVORB', '19925288', '6/29/2010', '3:15 PM', '150', '110', 'Buy', 'Approved', 'BSE');
INSERT INTO StockOrder (StockSymbol, Login_ID, purchase_Date, purchase_Time, Threshold_Value, Quantity, Buy_Or_Sell, STATUS, StockExchange) VALUES ('PTLOPBLEZSMRKLD', '56426096', '6/29/2011', '11:00 AM', '150', '90', 'Buy', 'Approved', 'NSE');
INSERT INTO StockOrder (StockSymbol, Login_ID, purchase_Date, purchase_Time, Threshold_Value, Quantity, Buy_Or_Sell, STATUS, StockExchange) VALUES ('IVTJLEPBKLZVLQG', '24722292', '6/29/2012', '12:00 PM', '150', '90', 'Buy', 'Approved', 'BSE');
INSERT INTO StockOrder (StockSymbol, Login_ID, purchase_Date, purchase_Time, Threshold_Value, Quantity, Buy_Or_Sell, STATUS, StockExchange) VALUES ('NJKZWRVMTYTSOOJ', '95037312', '6/29/2013', '1:00 PM', '150', '90', 'Buy', 'Approved', 'BSE');
INSERT INTO StockOrder (StockSymbol, Login_ID, purchase_Date, purchase_Time, Threshold_Value, Quantity, Buy_Or_Sell, STATUS, StockExchange) VALUES ('GBFAXVFHCZVNZQM', '37513341', '6/29/2014', '2:00 PM', '150', '90', 'Buy', 'Approved', 'BSE');
INSERT INTO StockOrder (StockSymbol, Login_ID, purchase_Date, purchase_Time, Threshold_Value, Quantity, Buy_Or_Sell, STATUS, StockExchange) VALUES ('PKRQBEOYDJYXNLQ', '65469628', '6/29/2015', '3:00 PM', '150', '90', 'Buy', 'Approved', 'BSE');
INSERT INTO StockOrder (StockSymbol, Login_ID, purchase_Date, purchase_Time, Threshold_Value, Quantity, Buy_Or_Sell, STATUS, StockExchange) VALUES ('YXVSDJMFPFXVORB', '19925288', '6/29/2016', '3:00 PM', '150', '90', 'Buy', 'Approved', 'BSE');
INSERT INTO StockOrder (StockSymbol, Login_ID, purchase_Date, purchase_Time, Threshold_Value, Quantity, Buy_Or_Sell, STATUS, StockExchange) VALUES ('PTLOPBLEZSMRKLD', '56426096', '6/29/2017', '11:00 AM', '150', '90', 'Sell', 'Approved', 'NSE');
INSERT INTO StockOrder (StockSymbol, Login_ID, purchase_Date, purchase_Time, Threshold_Value, Quantity, Buy_Or_Sell, STATUS, StockExchange) VALUES ('IVTJLEPBKLZVLQG', '24722292', '6/29/2018', '12:00 PM', '150', '90', 'Sell', 'Approved', 'BSE');
INSERT INTO StockOrder (StockSymbol, Login_ID, purchase_Date, purchase_Time, Threshold_Value, Quantity, Buy_Or_Sell, STATUS, StockExchange) VALUES ('NJKZWRVMTYTSOOJ', '95037312', '6/29/2019', '1:00 PM', '150', '90', 'Sell', 'Approved', 'BSE');
INSERT INTO StockOrder (StockSymbol, Login_ID, purchase_Date, purchase_Time, Threshold_Value, Quantity, Buy_Or_Sell, STATUS, StockExchange) VALUES ('GBFAXVFHCZVNZQM', '37513341', '6/29/2020', '2:00 PM', '150', '90', 'Sell', 'Cancelled', 'BSE');
INSERT INTO StockOrder (StockSymbol, Login_ID, purchase_Date, purchase_Time, Threshold_Value, Quantity, Buy_Or_Sell, STATUS, StockExchange) VALUES ('PKRQBEOYDJYXNLQ', '65469628', '6/29/2021', '3:00 PM', '150', '90', 'Sell', 'Pending', 'BSE');
INSERT INTO StockOrder (StockSymbol, Login_ID, purchase_Date, purchase_Time, Threshold_Value, Quantity, Buy_Or_Sell, STATUS, StockExchange) VALUES ('YXVSDJMFPFXVORB', '19925288', '6/29/2022', '3:00 PM', '150', '90', 'Sell', 'Approved', 'BSE');


--STOCK_WATCHLIST
INSERT INTO STOCK_WATCHLIST (Login_ID, StockSymbol, StockExchange) VALUES ('56426096', 'PTLOPBLEZSMRKLD', 'NSE');
INSERT INTO STOCK_WATCHLIST (Login_ID, StockSymbol, StockExchange) VALUES ('24722292', 'IVTJLEPBKLZVLQG', 'BSE');
INSERT INTO STOCK_WATCHLIST (Login_ID, StockSymbol, StockExchange) VALUES ('95037312', 'NJKZWRVMTYTSOOJ', 'BSE');
INSERT INTO STOCK_WATCHLIST (Login_ID, StockSymbol, StockExchange) VALUES ('37513341', 'GBFAXVFHCZVNZQM', 'BSE');
INSERT INTO STOCK_WATCHLIST (Login_ID, StockSymbol, StockExchange) VALUES ('65469628', 'PKRQBEOYDJYXNLQ', 'BSE');
INSERT INTO STOCK_WATCHLIST (Login_ID, StockSymbol, StockExchange) VALUES ('19925288', 'YXVSDJMFPFXVORB', 'BSE');
INSERT INTO STOCK_WATCHLIST (Login_ID, StockSymbol, StockExchange) VALUES ('51737445', 'XLAWVJLUTOJIUDL', 'NSE');
INSERT INTO STOCK_WATCHLIST (Login_ID, StockSymbol, StockExchange) VALUES ('30324430', 'TBDZRCUWNNTSPGT', 'NSE');
INSERT INTO STOCK_WATCHLIST (Login_ID, StockSymbol, StockExchange) VALUES ('85893411', 'MBCQBDDGVQYVXJP', 'NSE');
INSERT INTO STOCK_WATCHLIST (Login_ID, StockSymbol, StockExchange) VALUES ('81876435', 'OLCVXDOVQBWZRTY', 'NSE');
INSERT INTO STOCK_WATCHLIST (Login_ID, StockSymbol, StockExchange) VALUES ('53976275', 'QDMONPWSLHLYRUB', 'NSE');
INSERT INTO STOCK_WATCHLIST (Login_ID, StockSymbol, StockExchange) VALUES ('28775470', 'IJZABMUMITUXGIN', 'BSE');
INSERT INTO STOCK_WATCHLIST (Login_ID, StockSymbol, StockExchange) VALUES ('28411048', 'OMFYRDLHOCOPMWD', 'BSE');
INSERT INTO STOCK_WATCHLIST (Login_ID, StockSymbol, StockExchange) VALUES ('25061983', 'EDLWPAMAISZHKIX', 'BSE');
INSERT INTO STOCK_WATCHLIST (Login_ID, StockSymbol, StockExchange) VALUES ('53499276', 'RPXBYUSMCCSFBBW', 'BSE');
INSERT INTO STOCK_WATCHLIST (Login_ID, StockSymbol, StockExchange) VALUES ('86886777', 'SMBFICNZPJFUZXM', 'BSE');
INSERT INTO STOCK_WATCHLIST (Login_ID, StockSymbol, StockExchange) VALUES ('17817579', 'PLFPVLGKNXBFXQX', 'BSE');
INSERT INTO STOCK_WATCHLIST (Login_ID, StockSymbol, StockExchange) VALUES ('56315906', 'LKDLGNFYJAQTKCR', 'BSE');
INSERT INTO STOCK_WATCHLIST (Login_ID, StockSymbol, StockExchange) VALUES ('37865920', 'YTUFCSKDGMYYEOV', 'NSE');
INSERT INTO STOCK_WATCHLIST (Login_ID, StockSymbol, StockExchange) VALUES ('56426096', 'YVNPRHBWFBCUEBZ', 'NSE');
INSERT INTO STOCK_WATCHLIST (Login_ID, StockSymbol, StockExchange) VALUES ('24722292', 'SHTORVMZVNYXAFL', 'BSE');
INSERT INTO STOCK_WATCHLIST (Login_ID, StockSymbol, StockExchange) VALUES ('95037312', 'XFJZYLDDWVRWQAN', 'BSE');
INSERT INTO STOCK_WATCHLIST (Login_ID, StockSymbol, StockExchange) VALUES ('37513341', 'EOZTFJJULGKIKLN', 'BSE');
INSERT INTO STOCK_WATCHLIST (Login_ID, StockSymbol, StockExchange) VALUES ('65469628', 'HXGXQZFQCYLCILA', 'BSE');
INSERT INTO STOCK_WATCHLIST (Login_ID, StockSymbol, StockExchange) VALUES ('19925288', 'RBXSRKZFTESEJVD', 'NSE');
INSERT INTO STOCK_WATCHLIST (Login_ID, StockSymbol, StockExchange) VALUES ('51737445', 'WPPTREVNVTWBJID', 'NSE');
INSERT INTO STOCK_WATCHLIST (Login_ID, StockSymbol, StockExchange) VALUES ('30324430', 'QRKOODEGYNNPSJD', 'BSE');
INSERT INTO STOCK_WATCHLIST (Login_ID, StockSymbol, StockExchange) VALUES ('85893411', 'RPPUHFEPWABWDMA', 'BSE');
INSERT INTO STOCK_WATCHLIST (Login_ID, StockSymbol, StockExchange) VALUES ('81876435', 'DCEOWUKFDFTONXI', 'BSE');
INSERT INTO STOCK_WATCHLIST (Login_ID, StockSymbol, StockExchange) VALUES ('53976275', 'PIIODZEQLCHLVHH', 'BSE');
INSERT INTO STOCK_WATCHLIST (Login_ID, StockSymbol, StockExchange) VALUES ('28775470', 'QNPWAWWVPGQLEKV', 'NSE');
INSERT INTO STOCK_WATCHLIST (Login_ID, StockSymbol, StockExchange) VALUES ('28411048', 'CPIHMBVXYSSBDOL', 'NSE');
INSERT INTO STOCK_WATCHLIST (Login_ID, StockSymbol, StockExchange) VALUES ('25061983', 'IDPUGPAEZIDXDGQ', 'BSE');
INSERT INTO STOCK_WATCHLIST (Login_ID, StockSymbol, StockExchange) VALUES ('53499276', 'HGWICMJCLHCOXLE', 'BSE');
INSERT INTO STOCK_WATCHLIST (Login_ID, StockSymbol, StockExchange) VALUES ('86886777', 'SELULASRPVLBOGI', 'NSE');
INSERT INTO STOCK_WATCHLIST (Login_ID, StockSymbol, StockExchange) VALUES ('17817579', 'JJNTBJXSSWPAWOZ', 'NSE');
INSERT INTO STOCK_WATCHLIST (Login_ID, StockSymbol, StockExchange) VALUES ('56315906', 'SYAQTSEWZOAPRUQ', 'NSE');
INSERT INTO STOCK_WATCHLIST (Login_ID, StockSymbol, StockExchange) VALUES ('37865920', 'WTBQOXFUTVWCWYO', 'NSE');

--Owns
INSERT INTO Owns (login_id, stocksymbol, stockexchange, Quantity) VALUES ('37513341', 'GBFAXVFHCZVNZQM', 'BSE', '200');
INSERT INTO Owns (login_id, stocksymbol, stockexchange, Quantity) VALUES ('24722292', 'IVTJLEPBKLZVLQG', 'BSE', '110');
INSERT INTO Owns (login_id, stocksymbol, stockexchange, Quantity) VALUES ('95037312', 'NJKZWRVMTYTSOOJ', 'BSE', '110');
INSERT INTO Owns (login_id, stocksymbol, stockexchange, Quantity) VALUES ('65469628', 'PKRQBEOYDJYXNLQ', 'BSE', '200');
INSERT INTO Owns (login_id, stocksymbol, stockexchange, Quantity) VALUES ('56426096', 'PTLOPBLEZSMRKLD', 'NSE', '110');
INSERT INTO Owns (login_id, stocksymbol, stockexchange, Quantity) VALUES ('19925288', 'YXVSDJMFPFXVORB', 'BSE', '110');


--Mutual_Funds
INSERT INTO Mutual_Funds (MFSymbol, StockExchange, MFName, CurrPrice, Quantity) VALUES ('ZOR2X', 'BSE', 'SLQGPBJOIBLYDJSF', '8662.5', '461415481');
INSERT INTO Mutual_Funds (MFSymbol, StockExchange, MFName, CurrPrice, Quantity) VALUES ('MKS2X', 'NSE', 'KEBHNKRYSIARFSPB', '3280.62', '153225786');
INSERT INTO Mutual_Funds (MFSymbol, StockExchange, MFName, CurrPrice, Quantity) VALUES ('HPW7X', 'NSE', 'EWEYIKQSICCCNNYL', '6379.32', '6203640916');
INSERT INTO Mutual_Funds (MFSymbol, StockExchange, MFName, CurrPrice, Quantity) VALUES ('KFB1X', 'NSE', 'BXDAMNGCTRYAQCQI', '7323.51', '5148522230');
INSERT INTO Mutual_Funds (MFSymbol, StockExchange, MFName, CurrPrice, Quantity) VALUES ('VYU9X', 'NSE', 'CEHWVVWZHWEUPECK', '9793.92', '3871722584');

--Is_Collection_Of
INSERT INTO  Is_Collection_Of (MFSymbol, MF_StockExchange, StockSymbol, Stock_StockExchange, Duration, Quantity) VALUES ('ZOR2X', 'BSE', 'PTLOPBLEZSMRKLD', 'NSE', '[2000-01-01, 2016-12-31]', '1');
INSERT INTO  Is_Collection_Of (MFSymbol, MF_StockExchange, StockSymbol, Stock_StockExchange, Duration, Quantity) VALUES ('ZOR2X', 'BSE', 'GBFAXVFHCZVNZQM', 'BSE', '[2015-01-01, 2024-12-31]', '2');
INSERT INTO  Is_Collection_Of (MFSymbol, MF_StockExchange, StockSymbol, Stock_StockExchange, Duration, Quantity) VALUES ('ZOR2X', 'BSE', 'IVTJLEPBKLZVLQG', 'BSE', '[2016-01-01, 2024-12-31]', '3');
INSERT INTO  Is_Collection_Of (MFSymbol, MF_StockExchange, StockSymbol, Stock_StockExchange, Duration, Quantity) VALUES ('HPW7X', 'NSE', 'NJKZWRVMTYTSOOJ', 'BSE', '[2000-01-01, 2024-12-31]', '4');
INSERT INTO  Is_Collection_Of (MFSymbol, MF_StockExchange, StockSymbol, Stock_StockExchange, Duration, Quantity) VALUES ('HPW7X', 'NSE', 'GBFAXVFHCZVNZQM', 'BSE', '[2016-01-01, 2024-12-31]', '5');
INSERT INTO  Is_Collection_Of (MFSymbol, MF_StockExchange, StockSymbol, Stock_StockExchange, Duration, Quantity) VALUES ('MKS2X', 'NSE', 'PKRQBEOYDJYXNLQ', 'BSE', '[2000-01-01, 2024-12-31]', '6');
INSERT INTO  Is_Collection_Of (MFSymbol, MF_StockExchange, StockSymbol, Stock_StockExchange, Duration, Quantity) VALUES ('MKS2X', 'NSE', 'YXVSDJMFPFXVORB', 'BSE', '[2015-01-01, 2024-12-31]', '7');
INSERT INTO  Is_Collection_Of (MFSymbol, MF_StockExchange, StockSymbol, Stock_StockExchange, Duration, Quantity) VALUES ('KFB1X', 'NSE', 'XLAWVJLUTOJIUDL', 'NSE', '[2000-01-01, 2024-12-31]', '8');
INSERT INTO  Is_Collection_Of (MFSymbol, MF_StockExchange, StockSymbol, Stock_StockExchange, Duration, Quantity) VALUES ('KFB1X', 'NSE', 'TBDZRCUWNNTSPGT', 'NSE', '[2017-01-01, 2024-12-31]', '9');
INSERT INTO  Is_Collection_Of (MFSymbol, MF_StockExchange, StockSymbol, Stock_StockExchange, Duration, Quantity) VALUES ('VYU9X', 'NSE', 'MBCQBDDGVQYVXJP', 'NSE', '[2000-01-01, 2024-12-31]', '10');
INSERT INTO  Is_Collection_Of (MFSymbol, MF_StockExchange, StockSymbol, Stock_StockExchange, Duration, Quantity) VALUES ('VYU9X', 'NSE', 'OLCVXDOVQBWZRTY', 'NSE', '[2018-01-01, 2024-12-31]','11');


--Mutual_Funds_Orders
INSERT INTO Mutual_Funds_Orders (MFSymbol, StockExchange, Login_ID, purchase_Date, purchase_Time, Threshold_Value, Quantity, Buy_Or_Sell, STATUS) VALUES ('ZOR2X', 'BSE', '56426096', '6/29/2005', '10:15 AM', '120', '110', 'Buy', 'Approved');
INSERT INTO Mutual_Funds_Orders (MFSymbol, StockExchange, Login_ID, purchase_Date, purchase_Time, Threshold_Value, Quantity, Buy_Or_Sell, STATUS) VALUES ('MKS2X', 'NSE', '24722292', '6/29/2006', '11:15 AM', '120', '110', 'Buy', 'Approved');
INSERT INTO Mutual_Funds_Orders (MFSymbol, StockExchange, Login_ID, purchase_Date, purchase_Time, Threshold_Value, Quantity, Buy_Or_Sell, STATUS) VALUES ('HPW7X', 'NSE', '95037312', '6/29/2007', '12:15 PM', '120', '110', 'Buy', 'Approved');
INSERT INTO Mutual_Funds_Orders (MFSymbol, StockExchange, Login_ID, purchase_Date, purchase_Time, Threshold_Value, Quantity, Buy_Or_Sell, STATUS) VALUES ('KFB1X', 'NSE', '37513341', '6/29/2008', '1:15 PM', '120', '110', 'Buy', 'Approved');
INSERT INTO Mutual_Funds_Orders (MFSymbol, StockExchange, Login_ID, purchase_Date, purchase_Time, Threshold_Value, Quantity, Buy_Or_Sell, STATUS) VALUES ('VYU9X', 'NSE', '65469628', '6/29/2009', '2:15 PM', '120', '110', 'Buy', 'Approved');
INSERT INTO Mutual_Funds_Orders (MFSymbol, StockExchange, Login_ID, purchase_Date, purchase_Time, Threshold_Value, Quantity, Buy_Or_Sell, STATUS) VALUES ('ZOR2X', 'BSE', '56426096', '6/29/2011', '11:00 AM', '150', '90', 'Buy', 'Approved');
INSERT INTO Mutual_Funds_Orders (MFSymbol, StockExchange, Login_ID, purchase_Date, purchase_Time, Threshold_Value, Quantity, Buy_Or_Sell, STATUS) VALUES ('MKS2X', 'NSE', '24722292', '6/29/2012', '12:00 PM', '150', '90', 'Buy', 'Approved');
INSERT INTO Mutual_Funds_Orders (MFSymbol, StockExchange, Login_ID, purchase_Date, purchase_Time, Threshold_Value, Quantity, Buy_Or_Sell, STATUS) VALUES ('HPW7X', 'NSE', '95037312', '6/29/2013', '1:00 PM', '150', '90', 'Buy', 'Approved');
INSERT INTO Mutual_Funds_Orders (MFSymbol, StockExchange, Login_ID, purchase_Date, purchase_Time, Threshold_Value, Quantity, Buy_Or_Sell, STATUS) VALUES ('KFB1X', 'NSE', '37513341', '6/29/2014', '2:00 PM', '150', '90', 'Buy', 'Approved');
INSERT INTO Mutual_Funds_Orders (MFSymbol, StockExchange, Login_ID, purchase_Date, purchase_Time, Threshold_Value, Quantity, Buy_Or_Sell, STATUS) VALUES ('VYU9X', 'NSE', '65469628', '6/29/2015', '3:00 PM', '150', '90', 'Buy', 'Approved');
INSERT INTO Mutual_Funds_Orders (MFSymbol, StockExchange, Login_ID, purchase_Date, purchase_Time, Threshold_Value, Quantity, Buy_Or_Sell, STATUS) VALUES ('ZOR2X', 'BSE', '56426096', '6/29/2017', '11:00 AM', '150', '90', 'Sell', 'Approved');
INSERT INTO Mutual_Funds_Orders (MFSymbol, StockExchange, Login_ID, purchase_Date, purchase_Time, Threshold_Value, Quantity, Buy_Or_Sell, STATUS) VALUES ('MKS2X', 'NSE', '24722292', '6/29/2018', '12:00 PM', '150', '90', 'Sell', 'Approved');
INSERT INTO Mutual_Funds_Orders (MFSymbol, StockExchange, Login_ID, purchase_Date, purchase_Time, Threshold_Value, Quantity, Buy_Or_Sell, STATUS) VALUES ('HPW7X', 'NSE', '95037312', '6/29/2019', '1:00 PM', '150', '90', 'Sell', 'Approved');
INSERT INTO Mutual_Funds_Orders (MFSymbol, StockExchange, Login_ID, purchase_Date, purchase_Time, Threshold_Value, Quantity, Buy_Or_Sell, STATUS) VALUES ('KFB1X', 'NSE', '37513341', '6/29/2020', '2:00 PM', '150', '90', 'Sell', 'Cancelled');
INSERT INTO Mutual_Funds_Orders (MFSymbol, StockExchange, Login_ID, purchase_Date, purchase_Time, Threshold_Value, Quantity, Buy_Or_Sell, STATUS) VALUES ('VYU9X', 'NSE', '65469628', '6/29/2021', '3:00 PM', '150', '90', 'Sell', 'Pending');

--Mutual_Fund_Invest
INSERT INTO  Mutual_Fund_Invest (MFSymbol, StockExchange, Login_ID, Quantity) VALUES ('ZOR2X', 'BSE', '56426096', '110');
INSERT INTO  Mutual_Fund_Invest (MFSymbol, StockExchange, Login_ID, Quantity) VALUES ('MKS2X', 'NSE', '24722292', '110');
INSERT INTO  Mutual_Fund_Invest (MFSymbol, StockExchange, Login_ID, Quantity) VALUES ('HPW7X', 'NSE', '95037312', '110');
INSERT INTO  Mutual_Fund_Invest (MFSymbol, StockExchange, Login_ID, Quantity) VALUES ('KFB1X', 'NSE', '37513341', '200');
INSERT INTO  Mutual_Fund_Invest (MFSymbol, StockExchange, Login_ID, Quantity) VALUES ('VYU9X', 'NSE', '65469628', '200');


--Mutual_Fund_Watchlist
INSERT INTO Mutual_Fund_Watchlist (MFSymbol, StockExchange, Login_ID) VALUES ('ZOR2X', 'BSE', '56426096');
INSERT INTO Mutual_Fund_Watchlist (MFSymbol, StockExchange, Login_ID) VALUES ('MKS2X', 'NSE', '24722292');
INSERT INTO Mutual_Fund_Watchlist (MFSymbol, StockExchange, Login_ID) VALUES ('HPW7X', 'NSE', '95037312');
INSERT INTO Mutual_Fund_Watchlist (MFSymbol, StockExchange, Login_ID) VALUES ('KFB1X', 'NSE', '37513341');
INSERT INTO Mutual_Fund_Watchlist (MFSymbol, StockExchange, Login_ID) VALUES ('VYU9X', 'NSE', '65469628');
INSERT INTO Mutual_Fund_Watchlist (MFSymbol, StockExchange, Login_ID) VALUES ('ZOR2X', 'BSE', '19925288');
INSERT INTO Mutual_Fund_Watchlist (MFSymbol, StockExchange, Login_ID) VALUES ('MKS2X', 'NSE', '51737445');
INSERT INTO Mutual_Fund_Watchlist (MFSymbol, StockExchange, Login_ID) VALUES ('HPW7X', 'NSE', '30324430');
INSERT INTO Mutual_Fund_Watchlist (MFSymbol, StockExchange, Login_ID) VALUES ('KFB1X', 'NSE', '85893411');
INSERT INTO Mutual_Fund_Watchlist (MFSymbol, StockExchange, Login_ID) VALUES ('VYU9X', 'NSE', '81876435');
INSERT INTO Mutual_Fund_Watchlist (MFSymbol, StockExchange, Login_ID) VALUES ('ZOR2X', 'BSE', '53976275');
INSERT INTO Mutual_Fund_Watchlist (MFSymbol, StockExchange, Login_ID) VALUES ('MKS2X', 'NSE', '28775470');
INSERT INTO Mutual_Fund_Watchlist (MFSymbol, StockExchange, Login_ID) VALUES ('HPW7X', 'NSE', '28411048');
INSERT INTO Mutual_Fund_Watchlist (MFSymbol, StockExchange, Login_ID) VALUES ('KFB1X', 'NSE', '25061983');
INSERT INTO Mutual_Fund_Watchlist (MFSymbol, StockExchange, Login_ID) VALUES ('VYU9X', 'NSE', '53499276');
INSERT INTO Mutual_Fund_Watchlist (MFSymbol, StockExchange, Login_ID) VALUES ('ZOR2X', 'BSE', '86886777');
INSERT INTO Mutual_Fund_Watchlist (MFSymbol, StockExchange, Login_ID) VALUES ('MKS2X', 'NSE', '17817579');
INSERT INTO Mutual_Fund_Watchlist (MFSymbol, StockExchange, Login_ID) VALUES ('HPW7X', 'NSE', '56315906');
INSERT INTO Mutual_Fund_Watchlist (MFSymbol, StockExchange, Login_ID) VALUES ('KFB1X', 'NSE', '37865920');
INSERT INTO Mutual_Fund_Watchlist (MFSymbol, StockExchange, Login_ID) VALUES ('VYU9X', 'NSE', '98135231');
INSERT INTO Mutual_Fund_Watchlist (MFSymbol, StockExchange, Login_ID) VALUES ('ZOR2X', 'BSE', '99333102');
INSERT INTO Mutual_Fund_Watchlist (MFSymbol, StockExchange, Login_ID) VALUES ('MKS2X', 'NSE', '65698771');
INSERT INTO Mutual_Fund_Watchlist (MFSymbol, StockExchange, Login_ID) VALUES ('HPW7X', 'NSE', '32118456');
INSERT INTO Mutual_Fund_Watchlist (MFSymbol, StockExchange, Login_ID) VALUES ('KFB1X', 'NSE', '48844006');
INSERT INTO Mutual_Fund_Watchlist (MFSymbol, StockExchange, Login_ID) VALUES ('VYU9X', 'NSE', '51401436');
INSERT INTO Mutual_Fund_Watchlist (MFSymbol, StockExchange, Login_ID) VALUES ('ZOR2X', 'BSE', '20646905');
INSERT INTO Mutual_Fund_Watchlist (MFSymbol, StockExchange, Login_ID) VALUES ('MKS2X', 'NSE', '31710830');
INSERT INTO Mutual_Fund_Watchlist (MFSymbol, StockExchange, Login_ID) VALUES ('HPW7X', 'NSE', '66590889');
INSERT INTO Mutual_Fund_Watchlist (MFSymbol, StockExchange, Login_ID) VALUES ('KFB1X', 'NSE', '75758482');

--Blogs
insert into Blogs (BlogID, Blog_Title, Blog_Description, PublishDate, PublishTime) values (867275618607336, 'The Ultimate Guide to Gardening', 'Aliquam quis turpis eget elit sodales scelerisque. Mauris sit amet eros. Suspendisse accumsan tortor quis turpis.', '12/12/2023', '1:59 PM');
insert into Blogs (BlogID, Blog_Title, Blog_Description, PublishDate, PublishTime) values (742226036283842, '10 Delicious Smoothie Recipes to Try', 'Fusce consequat. Nulla nisl. Nunc nisl.', '3/21/2022', '6:25 PM');
insert into Blogs (BlogID, Blog_Title, Blog_Description, PublishDate, PublishTime) values (617325434174125, 'How to Improve Your Productivity at Work', 'Vestibulum ac est lacinia nisi venenatis tristique. Fusce congue, diam id ornare imperdiet, sapien urna pretium nisl, ut volutpat sapien arcu sed augue. Aliquam erat volutpat.
In congue. Etiam justo. Etiam pretium iaculis justo.', '6/30/2020', '6:20 PM');
insert into Blogs (BlogID, Blog_Title, Blog_Description, PublishDate, PublishTime) values (18507325402074, 'Exploring the Best Hiking Trails in the World', 'Integer ac leo. Pellentesque ultrices mattis odio. Donec vitae nisi.

Nam ultrices, libero non mattis pulvinar, nulla pede ullamcorper augue, a suscipit nulla elit ac nulla. Sed vel enim sit amet nunc viverra dapibus. Nulla suscipit ligula in lacus.', '4/25/2022', '3:47 PM');
insert into Blogs (BlogID, Blog_Title, Blog_Description, PublishDate, PublishTime) values (405402542194489, 'Top 5 Tips for Better Sleep', 'Duis bibendum. Morbi non quam nec dui luctus rutrum. Nulla tellus.

In sagittis dui vel nisl. Duis ac nibh. Fusce lacus purus, aliquet at, feugiat non, pretium quis, lectus.', '3/15/2021', '4:04 PM');
insert into Blogs (BlogID, Blog_Title, Blog_Description, PublishDate, PublishTime) values (878505677327746, 'The Art of Mindful Living', 'Duis consequat dui nec nisi volutpat eleifend. Donec ut dolor. Morbi vel lectus in quam fringilla rhoncus.

Mauris enim leo, rhoncus sed, vestibulum sit amet, cursus id, turpis. Integer aliquet, massa id lobortis convallis, tortor risus dapibus augue, vel accumsan tellus nisi eu orci. Mauris lacinia sapien quis libero.

Nullam sit amet turpis elementum ligula vehicula consequat. Morbi a ipsum. Integer a nibh.', '10/17/2022', '6:28 PM');
insert into Blogs (BlogID, Blog_Title, Blog_Description, PublishDate, PublishTime) values (589919455995314, '10 Easy DIY Home Decor Projects', 'Vestibulum ac est lacinia nisi venenatis tristique. Fusce congue, diam id ornare imperdiet, sapien urna pretium nisl, ut volutpat sapien arcu sed augue. Aliquam erat volutpat.

In congue. Etiam justo. Etiam pretium iaculis justo.

In hac habitasse platea dictumst. Etiam faucibus cursus urna. Ut tellus.', '10/21/2021', '7:29 AM');
insert into Blogs (BlogID, Blog_Title, Blog_Description, PublishDate, PublishTime) values (77765448409072, 'Traveling on a Budget: Tips and Tricks', 'Maecenas tristique, est et tempus semper, est quam pharetra magna, ac consequat metus sapien ut nunc. Vestibulum ante ipsum primis in faucibus orci luctus et ultrices posuere cubilia Curae; Mauris viverra diam vitae quam. Suspendisse potenti.

Nullam porttitor lacus at turpis. Donec posuere metus vitae ipsum. Aliquam non mauris.

Morbi non lectus. Aliquam sit amet diam in magna bibendum imperdiet. Nullam orci pede, venenatis non, sodales sed, tincidunt eu, felis.

Fusce posuere felis sed lacus. Morbi sem mauris, laoreet ut, rhoncus aliquet, pulvinar sed, nisl. Nunc rhoncus dui vel sem.', '11/30/2023', '2:36 PM');
insert into Blogs (BlogID, Blog_Title, Blog_Description, PublishDate, PublishTime) values (825168994130914, 'The Benefits of Meditation', 'Proin interdum mauris non ligula pellentesque ultrices. Phasellus id sapien in sapien iaculis congue. Vivamus metus arcu, adipiscing molestie, hendrerit at, vulputate vitae, nisl.

Aenean lectus. Pellentesque eget nunc. Donec quis orci eget orci vehicula condimentum.

Curabitur in libero ut massa volutpat convallis. Morbi odio odio, elementum eu, interdum eu, tincidunt in, leo. Maecenas pulvinar lobortis est.

Phasellus sit amet erat. Nulla tempus. Vivamus in felis eu sapien cursus vestibulum.', '1/30/2022', '3:13 PM');
insert into Blogs (BlogID, Blog_Title, Blog_Description, PublishDate, PublishTime) values (131976095334243, 'Healthy Meal Prep Ideas for Busy Weekdays', 'In hac habitasse platea dictumst. Morbi vestibulum, velit id pretium iaculis, diam erat fermentum justo, nec condimentum neque sapien placerat ante. Nulla justo.', '6/17/2021', '11:53 AM');
insert into Blogs (BlogID, Blog_Title, Blog_Description, PublishDate, PublishTime) values (93197380670240, 'The Power of Positive Thinking', 'Nullam sit amet turpis elementum ligula vehicula consequat. Morbi a ipsum. Integer a nibh.

In quis justo. Maecenas rhoncus aliquam lacus. Morbi quis tortor id nulla ultrices aliquet.', '2/12/2020', '3:24 AM');
insert into Blogs (BlogID, Blog_Title, Blog_Description, PublishDate, PublishTime) values (946793294592491, '10 Must-Read Books for Summer', 'Duis aliquam convallis nunc. Proin at turpis a pede posuere nonummy. Integer non velit.

Donec diam neque, vestibulum eget, vulputate ut, ultrices vel, augue. Vestibulum ante ipsum primis in faucibus orci luctus et ultrices posuere cubilia Curae; Donec pharetra, magna vestibulum aliquet ultrices, erat tortor sollicitudin mi, sit amet lobortis sapien sapien non mi. Integer ac neque.

Duis bibendum. Morbi non quam nec dui luctus rutrum. Nulla tellus.', '4/16/2021', '10:54 PM');
insert into Blogs (BlogID, Blog_Title, Blog_Description, PublishDate, PublishTime) values (227043384540470, 'Discovering Hidden Gems in Your City', 'Fusce posuere felis sed lacus. Morbi sem mauris, laoreet ut, rhoncus aliquet, pulvinar sed, nisl. Nunc rhoncus dui vel sem.', '5/19/2020', '5:04 PM');
insert into Blogs (BlogID, Blog_Title, Blog_Description, PublishDate, PublishTime) values (641925409380879, 'The Importance of Self-Care', 'Sed ante. Vivamus tortor. Duis mattis egestas metus.

Aenean fermentum. Donec ut mauris eget massa tempor convallis. Nulla neque libero, convallis eget, eleifend luctus, ultricies eu, nibh.

Quisque id justo sit amet sapien dignissim vestibulum. Vestibulum ante ipsum primis in faucibus orci luctus et ultrices posuere cubilia Curae; Nulla dapibus dolor vel est. Donec odio justo, sollicitudin ut, suscipit a, feugiat et, eros.', '4/9/2023', '12:41 AM');
insert into Blogs (BlogID, Blog_Title, Blog_Description, PublishDate, PublishTime) values (964123333242913, 'How to Start a Successful Blog', 'Cras non velit nec nisi vulputate nonummy. Maecenas tincidunt lacus at velit. Vivamus vel nulla eget eros elementum pellentesque.

Quisque porta volutpat erat. Quisque erat eros, viverra eget, congue eget, semper rutrum, nulla. Nunc purus.

Phasellus in felis. Donec semper sapien a libero. Nam dui.', '10/11/2020', '2:52 AM');
insert into Blogs (BlogID, Blog_Title, Blog_Description, PublishDate, PublishTime) values (676967093655839, 'The Science of Happiness', 'Cras mi pede, malesuada in, imperdiet et, commodo vulputate, justo. In blandit ultrices enim. Lorem ipsum dolor sit amet, consectetuer adipiscing elit.', '10/29/2021', '11:48 PM');
insert into Blogs (BlogID, Blog_Title, Blog_Description, PublishDate, PublishTime) values (713644817570150, '10 Fun Activities for Kids', 'Sed sagittis. Nam congue, risus semper porta volutpat, quam pede lobortis ligula, sit amet eleifend pede libero quis orci. Nullam molestie nibh in lectus.

Pellentesque at nulla. Suspendisse potenti. Cras in purus eu magna vulputate luctus.

Cum sociis natoque penatibus et magnis dis parturient montes, nascetur ridiculus mus. Vivamus vestibulum sagittis sapien. Cum sociis natoque penatibus et magnis dis parturient montes, nascetur ridiculus mus.

Etiam vel augue. Vestibulum rutrum rutrum neque. Aenean auctor gravida sem.', '4/6/2022', '9:49 AM');
insert into Blogs (BlogID, Blog_Title, Blog_Description, PublishDate, PublishTime) values (735901418689246, 'Exploring Local Farmers Markets', 'Aenean lectus. Pellentesque eget nunc. Donec quis orci eget orci vehicula condimentum.

Curabitur in libero ut massa volutpat convallis. Morbi odio odio, elementum eu, interdum eu, tincidunt in, leo. Maecenas pulvinar lobortis est.

Phasellus sit amet erat. Nulla tempus. Vivamus in felis eu sapien cursus vestibulum.', '8/17/2020', '11:04 AM');
insert into Blogs (BlogID, Blog_Title, Blog_Description, PublishDate, PublishTime) values (277301526149785, 'The Art of Journaling', 'Duis bibendum. Morbi non quam nec dui luctus rutrum. Nulla tellus.', '3/20/2022', '5:28 AM');
insert into Blogs (BlogID, Blog_Title, Blog_Description, PublishDate, PublishTime) values (486104878685766, 'Tips for a Stress-Free Holiday Season', 'Curabitur gravida nisi at nibh. In hac habitasse platea dictumst. Aliquam augue quam, sollicitudin vitae, consectetuer eget, rutrum at, lorem.

Integer tincidunt ante vel ipsum. Praesent blandit lacinia erat. Vestibulum sed magna at nunc commodo placerat.

Praesent blandit. Nam nulla. Integer pede justo, lacinia eget, tincidunt eget, tempus vel, pede.', '12/7/2023', '12:01 AM');
insert into Blogs (BlogID, Blog_Title, Blog_Description, PublishDate, PublishTime) values (956555189558329, '10 Ways to Stay Motivated and Inspired', 'Aenean lectus. Pellentesque eget nunc. Donec quis orci eget orci vehicula condimentum.', '8/17/2023', '9:58 AM');
insert into Blogs (BlogID, Blog_Title, Blog_Description, PublishDate, PublishTime) values (603964324392219, 'The Joy of Cooking with Fresh Ingredients', 'Cum sociis natoque penatibus et magnis dis parturient montes, nascetur ridiculus mus. Vivamus vestibulum sagittis sapien. Cum sociis natoque penatibus et magnis dis parturient montes, nascetur ridiculus mus.', '5/19/2020', '3:46 AM');
insert into Blogs (BlogID, Blog_Title, Blog_Description, PublishDate, PublishTime) values (700435312529429, 'Finding Your Passion and Purpose', 'Duis bibendum, felis sed interdum venenatis, turpis enim blandit mi, in porttitor pede justo eu massa. Donec dapibus. Duis at velit eu est congue elementum.

In hac habitasse platea dictumst. Morbi vestibulum, velit id pretium iaculis, diam erat fermentum justo, nec condimentum neque sapien placerat ante. Nulla justo.

Aliquam quis turpis eget elit sodales scelerisque. Mauris sit amet eros. Suspendisse accumsan tortor quis turpis.

Sed ante. Vivamus tortor. Duis mattis egestas metus.', '3/7/2023', '6:16 AM');
insert into Blogs (BlogID, Blog_Title, Blog_Description, PublishDate, PublishTime) values (571199646703004, 'The Benefits of Regular Exercise', 'In sagittis dui vel nisl. Duis ac nibh. Fusce lacus purus, aliquet at, feugiat non, pretium quis, lectus.', '1/17/2022', '3:26 PM');
insert into Blogs (BlogID, Blog_Title, Blog_Description, PublishDate, PublishTime) values (212873722788446, '10 Creative Date Night Ideas', 'Duis bibendum, felis sed interdum venenatis, turpis enim blandit mi, in porttitor pede justo eu massa. Donec dapibus. Duis at velit eu est congue elementum.

In hac habitasse platea dictumst. Morbi vestibulum, velit id pretium iaculis, diam erat fermentum justo, nec condimentum neque sapien placerat ante. Nulla justo.

Aliquam quis turpis eget elit sodales scelerisque. Mauris sit amet eros. Suspendisse accumsan tortor quis turpis.', '9/26/2022', '11:41 AM');
insert into Blogs (BlogID, Blog_Title, Blog_Description, PublishDate, PublishTime) values (609946120266105, 'The Beauty of Nature Photography', 'Integer tincidunt ante vel ipsum. Praesent blandit lacinia erat. Vestibulum sed magna at nunc commodo placerat.

Praesent blandit. Nam nulla. Integer pede justo, lacinia eget, tincidunt eget, tempus vel, pede.', '1/1/2020', '4:57 AM');
insert into Blogs (BlogID, Blog_Title, Blog_Description, PublishDate, PublishTime) values (274123112035232, 'Creating a Cozy Reading Nook at Home', 'Duis bibendum. Morbi non quam nec dui luctus rutrum. Nulla tellus.

In sagittis dui vel nisl. Duis ac nibh. Fusce lacus purus, aliquet at, feugiat non, pretium quis, lectus.

Suspendisse potenti. In eleifend quam a odio. In hac habitasse platea dictumst.', '12/4/2021', '12:36 AM');
insert into Blogs (BlogID, Blog_Title, Blog_Description, PublishDate, PublishTime) values (562493032270127, 'The Art of Balancing Work and Life', 'Sed ante. Vivamus tortor. Duis mattis egestas metus.

Aenean fermentum. Donec ut mauris eget massa tempor convallis. Nulla neque libero, convallis eget, eleifend luctus, ultricies eu, nibh.

Quisque id justo sit amet sapien dignissim vestibulum. Vestibulum ante ipsum primis in faucibus orci luctus et ultrices posuere cubilia Curae; Nulla dapibus dolor vel est. Donec odio justo, sollicitudin ut, suscipit a, feugiat et, eros.', '8/15/2021', '9:44 PM');
insert into Blogs (BlogID, Blog_Title, Blog_Description, PublishDate, PublishTime) values (136706312476239, '10 Inspiring Quotes to Live By', 'Etiam vel augue. Vestibulum rutrum rutrum neque. Aenean auctor gravida sem.', '9/19/2022', '6:15 AM');
insert into Blogs (BlogID, Blog_Title, Blog_Description, PublishDate, PublishTime) values (910421888235056, 'Exploring Different Cultures Through Food', 'Cras non velit nec nisi vulputate nonummy. Maecenas tincidunt lacus at velit. Vivamus vel nulla eget eros elementum pellentesque.', '4/22/2023', '10:42 PM');
insert into Blogs (BlogID, Blog_Title, Blog_Description, PublishDate, PublishTime) values (274774780571944, 'The Power of a Positive Morning Routine', 'Cras mi pede, malesuada in, imperdiet et, commodo vulputate, justo. In blandit ultrices enim. Lorem ipsum dolor sit amet, consectetuer adipiscing elit.', '5/5/2023', '6:59 PM');
insert into Blogs (BlogID, Blog_Title, Blog_Description, PublishDate, PublishTime) values (856812783298030, '10 Tips for Better Time Management', 'Lorem ipsum dolor sit amet, consectetuer adipiscing elit. Proin risus. Praesent lectus.

Vestibulum quam sapien, varius ut, blandit non, interdum in, ante. Vestibulum ante ipsum primis in faucibus orci luctus et ultrices posuere cubilia Curae; Duis faucibus accumsan odio. Curabitur convallis.

Duis consequat dui nec nisi volutpat eleifend. Donec ut dolor. Morbi vel lectus in quam fringilla rhoncus.

Mauris enim leo, rhoncus sed, vestibulum sit amet, cursus id, turpis. Integer aliquet, massa id lobortis convallis, tortor risus dapibus augue, vel accumsan tellus nisi eu orci. Mauris lacinia sapien quis libero.', '6/6/2020', '2:15 AM');
insert into Blogs (BlogID, Blog_Title, Blog_Description, PublishDate, PublishTime) values (788020980826807, 'The Healing Properties of Essential Oils', 'Curabitur gravida nisi at nibh. In hac habitasse platea dictumst. Aliquam augue quam, sollicitudin vitae, consectetuer eget, rutrum at, lorem.

Integer tincidunt ante vel ipsum. Praesent blandit lacinia erat. Vestibulum sed magna at nunc commodo placerat.', '10/19/2020', '11:07 PM');
insert into Blogs (BlogID, Blog_Title, Blog_Description, PublishDate, PublishTime) values (302245962079628, 'How to Cultivate Gratitude in Your Daily Life', 'Duis aliquam convallis nunc. Proin at turpis a pede posuere nonummy. Integer non velit.', '8/30/2021', '5:58 AM');
insert into Blogs (BlogID, Blog_Title, Blog_Description, PublishDate, PublishTime) values (486953203614554, '10 Ways to Practice Mindfulness Every Day', 'Cras non velit nec nisi vulputate nonummy. Maecenas tincidunt lacus at velit. Vivamus vel nulla eget eros elementum pellentesque.

Quisque porta volutpat erat. Quisque erat eros, viverra eget, congue eget, semper rutrum, nulla. Nunc purus.

Phasellus in felis. Donec semper sapien a libero. Nam dui.

Proin leo odio, porttitor id, consequat in, consequat ut, nulla. Sed accumsan felis. Ut at dolor quis odio consequat varius.', '10/15/2020', '10:24 AM');
insert into Blogs (BlogID, Blog_Title, Blog_Description, PublishDate, PublishTime) values (22662375570631, 'The Benefits of Outdoor Exercise', 'Fusce consequat. Nulla nisl. Nunc nisl.

Duis bibendum, felis sed interdum venenatis, turpis enim blandit mi, in porttitor pede justo eu massa. Donec dapibus. Duis at velit eu est congue elementum.', '12/30/2020', '5:28 PM');
insert into Blogs (BlogID, Blog_Title, Blog_Description, PublishDate, PublishTime) values (558324045865433, 'Exploring New Music and Artists', 'Maecenas ut massa quis augue luctus tincidunt. Nulla mollis molestie lorem. Quisque ut erat.', '8/7/2022', '10:29 AM');
insert into Blogs (BlogID, Blog_Title, Blog_Description, PublishDate, PublishTime) values (411564260369519, 'The Art of Growing Your Own Herb Garden', 'Nullam sit amet turpis elementum ligula vehicula consequat. Morbi a ipsum. Integer a nibh.', '5/2/2023', '1:52 AM');
insert into Blogs (BlogID, Blog_Title, Blog_Description, PublishDate, PublishTime) values (750800022296141, '10 Healthy Snack Ideas for On-the-Go', 'Nulla ut erat id mauris vulputate elementum. Nullam varius. Nulla facilisi.

Cras non velit nec nisi vulputate nonummy. Maecenas tincidunt lacus at velit. Vivamus vel nulla eget eros elementum pellentesque.', '2/22/2020', '11:48 AM');
insert into Blogs (BlogID, Blog_Title, Blog_Description, PublishDate, PublishTime) values (581021303457257, 'The Importance of Setting Goals', 'Duis consequat dui nec nisi volutpat eleifend. Donec ut dolor. Morbi vel lectus in quam fringilla rhoncus.

Mauris enim leo, rhoncus sed, vestibulum sit amet, cursus id, turpis. Integer aliquet, massa id lobortis convallis, tortor risus dapibus augue, vel accumsan tellus nisi eu orci. Mauris lacinia sapien quis libero.

Nullam sit amet turpis elementum ligula vehicula consequat. Morbi a ipsum. Integer a nibh.', '6/3/2020', '8:23 AM');
insert into Blogs (BlogID, Blog_Title, Blog_Description, PublishDate, PublishTime) values (922531938009838, 'How to Create a Relaxing Spa Day at Home', 'Maecenas tristique, est et tempus semper, est quam pharetra magna, ac consequat metus sapien ut nunc. Vestibulum ante ipsum primis in faucibus orci luctus et ultrices posuere cubilia Curae; Mauris viverra diam vitae quam. Suspendisse potenti.', '7/18/2023', '1:43 AM');
insert into Blogs (BlogID, Blog_Title, Blog_Description, PublishDate, PublishTime) values (380251700482402, '10 Ways to Boost Your Creativity', 'Maecenas tristique, est et tempus semper, est quam pharetra magna, ac consequat metus sapien ut nunc. Vestibulum ante ipsum primis in faucibus orci luctus et ultrices posuere cubilia Curae; Mauris viverra diam vitae quam. Suspendisse potenti.

Nullam porttitor lacus at turpis. Donec posuere metus vitae ipsum. Aliquam non mauris.

Morbi non lectus. Aliquam sit amet diam in magna bibendum imperdiet. Nullam orci pede, venenatis non, sodales sed, tincidunt eu, felis.', '7/26/2020', '9:03 AM');
insert into Blogs (BlogID, Blog_Title, Blog_Description, PublishDate, PublishTime) values (98114836888353, 'The Joy of Volunteering and Giving Back', 'Curabitur in libero ut massa volutpat convallis. Morbi odio odio, elementum eu, interdum eu, tincidunt in, leo. Maecenas pulvinar lobortis est.

Phasellus sit amet erat. Nulla tempus. Vivamus in felis eu sapien cursus vestibulum.

Proin eu mi. Nulla ac enim. In tempor, turpis nec euismod scelerisque, quam turpis adipiscing lorem, vitae mattis nibh ligula nec sem.', '9/12/2022', '10:34 PM');
insert into Blogs (BlogID, Blog_Title, Blog_Description, PublishDate, PublishTime) values (196599841297002, 'Discovering the Magic of Aromatherapy', 'Phasellus in felis. Donec semper sapien a libero. Nam dui.

Proin leo odio, porttitor id, consequat in, consequat ut, nulla. Sed accumsan felis. Ut at dolor quis odio consequat varius.

Integer ac leo. Pellentesque ultrices mattis odio. Donec vitae nisi.', '12/21/2021', '1:54 PM');
insert into Blogs (BlogID, Blog_Title, Blog_Description, PublishDate, PublishTime) values (85498044771636, 'The Art of Feng Shui in Your Home', 'Pellentesque at nulla. Suspendisse potenti. Cras in purus eu magna vulputate luctus.

Cum sociis natoque penatibus et magnis dis parturient montes, nascetur ridiculus mus. Vivamus vestibulum sagittis sapien. Cum sociis natoque penatibus et magnis dis parturient montes, nascetur ridiculus mus.

Etiam vel augue. Vestibulum rutrum rutrum neque. Aenean auctor gravida sem.

Praesent id massa id nisl venenatis lacinia. Aenean sit amet justo. Morbi ut odio.', '1/6/2020', '12:26 AM');
insert into Blogs (BlogID, Blog_Title, Blog_Description, PublishDate, PublishTime) values (938436068891008, '10 Tips for Better Communication in Relationships', 'Sed sagittis. Nam congue, risus semper porta volutpat, quam pede lobortis ligula, sit amet eleifend pede libero quis orci. Nullam molestie nibh in lectus.', '9/16/2022', '4:18 PM');
insert into Blogs (BlogID, Blog_Title, Blog_Description, PublishDate, PublishTime) values (678576598044962, 'The Benefits of Disconnecting from Technology', 'Lorem ipsum dolor sit amet, consectetuer adipiscing elit. Proin risus. Praesent lectus.

Vestibulum quam sapien, varius ut, blandit non, interdum in, ante. Vestibulum ante ipsum primis in faucibus orci luctus et ultrices posuere cubilia Curae; Duis faucibus accumsan odio. Curabitur convallis.', '10/22/2020', '2:48 AM');
insert into Blogs (BlogID, Blog_Title, Blog_Description, PublishDate, PublishTime) values (514748380263742, 'How to Find Your Inner Peace', 'In quis justo. Maecenas rhoncus aliquam lacus. Morbi quis tortor id nulla ultrices aliquet.

Maecenas leo odio, condimentum id, luctus nec, molestie sed, justo. Pellentesque viverra pede ac diam. Cras pellentesque volutpat dui.', '3/5/2022', '11:07 PM');
insert into Blogs (BlogID, Blog_Title, Blog_Description, PublishDate, PublishTime) values (568797193492454, '10 Fun and Easy DIY Craft Projects', 'Donec diam neque, vestibulum eget, vulputate ut, ultrices vel, augue. Vestibulum ante ipsum primis in faucibus orci luctus et ultrices posuere cubilia Curae; Donec pharetra, magna vestibulum aliquet ultrices, erat tortor sollicitudin mi, sit amet lobortis sapien sapien non mi. Integer ac neque.

Duis bibendum. Morbi non quam nec dui luctus rutrum. Nulla tellus.', '1/7/2021', '1:44 AM');
insert into Blogs (BlogID, Blog_Title, Blog_Description, PublishDate, PublishTime) values (226074927401520, 'The Power of Positive Affirmations', 'Maecenas tristique, est et tempus semper, est quam pharetra magna, ac consequat metus sapien ut nunc. Vestibulum ante ipsum primis in faucibus orci luctus et ultrices posuere cubilia Curae; Mauris viverra diam vitae quam. Suspendisse potenti.

Nullam porttitor lacus at turpis. Donec posuere metus vitae ipsum. Aliquam non mauris.', '8/2/2020', '8:39 AM');
insert into Blogs (BlogID, Blog_Title, Blog_Description, PublishDate, PublishTime) values (33306327682532, 'Exploring the World of Organic Skincare', 'Suspendisse potenti. In eleifend quam a odio. In hac habitasse platea dictumst.', '10/3/2020', '8:24 PM');
insert into Blogs (BlogID, Blog_Title, Blog_Description, PublishDate, PublishTime) values (486052306498039, 'The Art of Growing Your Own Vegetables', 'Integer tincidunt ante vel ipsum. Praesent blandit lacinia erat. Vestibulum sed magna at nunc commodo placerat.

Praesent blandit. Nam nulla. Integer pede justo, lacinia eget, tincidunt eget, tempus vel, pede.', '8/28/2021', '8:18 AM');
insert into Blogs (BlogID, Blog_Title, Blog_Description, PublishDate, PublishTime) values (647338480073869, '10 Tips for a More Organized Home', 'Nullam porttitor lacus at turpis. Donec posuere metus vitae ipsum. Aliquam non mauris.

Morbi non lectus. Aliquam sit amet diam in magna bibendum imperdiet. Nullam orci pede, venenatis non, sodales sed, tincidunt eu, felis.

Fusce posuere felis sed lacus. Morbi sem mauris, laoreet ut, rhoncus aliquet, pulvinar sed, nisl. Nunc rhoncus dui vel sem.

Sed sagittis. Nam congue, risus semper porta volutpat, quam pede lobortis ligula, sit amet eleifend pede libero quis orci. Nullam molestie nibh in lectus.', '9/19/2023', '8:49 AM');
insert into Blogs (BlogID, Blog_Title, Blog_Description, PublishDate, PublishTime) values (855700863090185, 'The Benefits of Practicing Yoga', 'Aenean fermentum. Donec ut mauris eget massa tempor convallis. Nulla neque libero, convallis eget, eleifend luctus, ultricies eu, nibh.

Quisque id justo sit amet sapien dignissim vestibulum. Vestibulum ante ipsum primis in faucibus orci luctus et ultrices posuere cubilia Curae; Nulla dapibus dolor vel est. Donec odio justo, sollicitudin ut, suscipit a, feugiat et, eros.', '4/1/2020', '12:53 AM');
insert into Blogs (BlogID, Blog_Title, Blog_Description, PublishDate, PublishTime) values (608474435204113, 'How to Create a Relaxing Bedtime Routine', 'Curabitur in libero ut massa volutpat convallis. Morbi odio odio, elementum eu, interdum eu, tincidunt in, leo. Maecenas pulvinar lobortis est.

Phasellus sit amet erat. Nulla tempus. Vivamus in felis eu sapien cursus vestibulum.

Proin eu mi. Nulla ac enim. In tempor, turpis nec euismod scelerisque, quam turpis adipiscing lorem, vitae mattis nibh ligula nec sem.', '11/21/2023', '4:30 PM');
insert into Blogs (BlogID, Blog_Title, Blog_Description, PublishDate, PublishTime) values (318404571405965, '10 Ways to Stay Active and Healthy', 'Praesent blandit. Nam nulla. Integer pede justo, lacinia eget, tincidunt eget, tempus vel, pede.

Morbi porttitor lorem id ligula. Suspendisse ornare consequat lectus. In est risus, auctor sed, tristique in, tempus sit amet, sem.', '1/6/2021', '8:14 PM');
insert into Blogs (BlogID, Blog_Title, Blog_Description, PublishDate, PublishTime) values (617326906518320, 'The Joy of Exploring New Cuisines', 'In congue. Etiam justo. Etiam pretium iaculis justo.', '4/2/2023', '6:36 PM');
insert into Blogs (BlogID, Blog_Title, Blog_Description, PublishDate, PublishTime) values (234342629020833, 'Discovering the Benefits of Herbal Tea', 'In sagittis dui vel nisl. Duis ac nibh. Fusce lacus purus, aliquet at, feugiat non, pretium quis, lectus.

Suspendisse potenti. In eleifend quam a odio. In hac habitasse platea dictumst.

Maecenas ut massa quis augue luctus tincidunt. Nulla mollis molestie lorem. Quisque ut erat.

Curabitur gravida nisi at nibh. In hac habitasse platea dictumst. Aliquam augue quam, sollicitudin vitae, consectetuer eget, rutrum at, lorem.', '7/23/2022', '9:10 PM');
insert into Blogs (BlogID, Blog_Title, Blog_Description, PublishDate, PublishTime) values (987129396080338, 'The Art of Decluttering and Simplifying Your Life', 'Phasellus in felis. Donec semper sapien a libero. Nam dui.

Proin leo odio, porttitor id, consequat in, consequat ut, nulla. Sed accumsan felis. Ut at dolor quis odio consequat varius.

Integer ac leo. Pellentesque ultrices mattis odio. Donec vitae nisi.

Nam ultrices, libero non mattis pulvinar, nulla pede ullamcorper augue, a suscipit nulla elit ac nulla. Sed vel enim sit amet nunc viverra dapibus. Nulla suscipit ligula in lacus.', '9/3/2020', '10:10 PM');
insert into Blogs (BlogID, Blog_Title, Blog_Description, PublishDate, PublishTime) values (757511522227168, '10 Tips for Better Self-Care', 'Maecenas leo odio, condimentum id, luctus nec, molestie sed, justo. Pellentesque viverra pede ac diam. Cras pellentesque volutpat dui.

Maecenas tristique, est et tempus semper, est quam pharetra magna, ac consequat metus sapien ut nunc. Vestibulum ante ipsum primis in faucibus orci luctus et ultrices posuere cubilia Curae; Mauris viverra diam vitae quam. Suspendisse potenti.', '1/31/2021', '10:06 PM');
insert into Blogs (BlogID, Blog_Title, Blog_Description, PublishDate, PublishTime) values (744688247247366, 'The Importance of Building Strong Relationships', 'Cum sociis natoque penatibus et magnis dis parturient montes, nascetur ridiculus mus. Vivamus vestibulum sagittis sapien. Cum sociis natoque penatibus et magnis dis parturient montes, nascetur ridiculus mus.

Etiam vel augue. Vestibulum rutrum rutrum neque. Aenean auctor gravida sem.

Praesent id massa id nisl venenatis lacinia. Aenean sit amet justo. Morbi ut odio.

Cras mi pede, malesuada in, imperdiet et, commodo vulputate, justo. In blandit ultrices enim. Lorem ipsum dolor sit amet, consectetuer adipiscing elit.', '2/20/2023', '8:30 PM');
insert into Blogs (BlogID, Blog_Title, Blog_Description, PublishDate, PublishTime) values (783219882227248, 'How to Create a Cozy Outdoor Space', 'Praesent blandit. Nam nulla. Integer pede justo, lacinia eget, tincidunt eget, tempus vel, pede.

Morbi porttitor lorem id ligula. Suspendisse ornare consequat lectus. In est risus, auctor sed, tristique in, tempus sit amet, sem.

Fusce consequat. Nulla nisl. Nunc nisl.

Duis bibendum, felis sed interdum venenatis, turpis enim blandit mi, in porttitor pede justo eu massa. Donec dapibus. Duis at velit eu est congue elementum.', '10/23/2020', '8:36 AM');
insert into Blogs (BlogID, Blog_Title, Blog_Description, PublishDate, PublishTime) values (337585181706465, '10 Ways to Find Inspiration in Everyday Life', 'In hac habitasse platea dictumst. Morbi vestibulum, velit id pretium iaculis, diam erat fermentum justo, nec condimentum neque sapien placerat ante. Nulla justo.', '10/29/2022', '5:26 PM');
insert into Blogs (BlogID, Blog_Title, Blog_Description, PublishDate, PublishTime) values (70378234101531, 'The Power of Positive Visualization', 'Cras non velit nec nisi vulputate nonummy. Maecenas tincidunt lacus at velit. Vivamus vel nulla eget eros elementum pellentesque.

Quisque porta volutpat erat. Quisque erat eros, viverra eget, congue eget, semper rutrum, nulla. Nunc purus.', '7/13/2023', '12:43 PM');
insert into Blogs (BlogID, Blog_Title, Blog_Description, PublishDate, PublishTime) values (41735205797143, 'Exploring the World of Natural Remedies', 'Maecenas tristique, est et tempus semper, est quam pharetra magna, ac consequat metus sapien ut nunc. Vestibulum ante ipsum primis in faucibus orci luctus et ultrices posuere cubilia Curae; Mauris viverra diam vitae quam. Suspendisse potenti.', '11/23/2021', '4:45 PM');
insert into Blogs (BlogID, Blog_Title, Blog_Description, PublishDate, PublishTime) values (116139323825058, 'The Art of Growing Your Own Flowers', 'Fusce consequat. Nulla nisl. Nunc nisl.

Duis bibendum, felis sed interdum venenatis, turpis enim blandit mi, in porttitor pede justo eu massa. Donec dapibus. Duis at velit eu est congue elementum.', '10/15/2022', '1:52 AM');
insert into Blogs (BlogID, Blog_Title, Blog_Description, PublishDate, PublishTime) values (539860871511395, '10 Healthy Breakfast Ideas to Start Your Day', 'Quisque id justo sit amet sapien dignissim vestibulum. Vestibulum ante ipsum primis in faucibus orci luctus et ultrices posuere cubilia Curae; Nulla dapibus dolor vel est. Donec odio justo, sollicitudin ut, suscipit a, feugiat et, eros.

Vestibulum ac est lacinia nisi venenatis tristique. Fusce congue, diam id ornare imperdiet, sapien urna pretium nisl, ut volutpat sapien arcu sed augue. Aliquam erat volutpat.', '8/16/2022', '9:50 AM');
insert into Blogs (BlogID, Blog_Title, Blog_Description, PublishDate, PublishTime) values (605486486353379, 'The Benefits of Practicing Gratitude', 'Cum sociis natoque penatibus et magnis dis parturient montes, nascetur ridiculus mus. Vivamus vestibulum sagittis sapien. Cum sociis natoque penatibus et magnis dis parturient montes, nascetur ridiculus mus.

Etiam vel augue. Vestibulum rutrum rutrum neque. Aenean auctor gravida sem.

Praesent id massa id nisl venenatis lacinia. Aenean sit amet justo. Morbi ut odio.

Cras mi pede, malesuada in, imperdiet et, commodo vulputate, justo. In blandit ultrices enim. Lorem ipsum dolor sit amet, consectetuer adipiscing elit.', '8/13/2020', '12:05 PM');
insert into Blogs (BlogID, Blog_Title, Blog_Description, PublishDate, PublishTime) values (726019259862728, 'How to Create a Relaxing Bath Ritual', 'Pellentesque at nulla. Suspendisse potenti. Cras in purus eu magna vulputate luctus.

Cum sociis natoque penatibus et magnis dis parturient montes, nascetur ridiculus mus. Vivamus vestibulum sagittis sapien. Cum sociis natoque penatibus et magnis dis parturient montes, nascetur ridiculus mus.

Etiam vel augue. Vestibulum rutrum rutrum neque. Aenean auctor gravida sem.', '10/9/2023', '8:16 PM');
insert into Blogs (BlogID, Blog_Title, Blog_Description, PublishDate, PublishTime) values (875138077225187, '10 Ways to Stay Grounded and Centered', 'Cras non velit nec nisi vulputate nonummy. Maecenas tincidunt lacus at velit. Vivamus vel nulla eget eros elementum pellentesque.', '2/2/2021', '1:30 PM');
insert into Blogs (BlogID, Blog_Title, Blog_Description, PublishDate, PublishTime) values (620208005394413, 'The Joy of Exploring New Art Forms', 'Nullam porttitor lacus at turpis. Donec posuere metus vitae ipsum. Aliquam non mauris.', '7/12/2020', '4:42 AM');
insert into Blogs (BlogID, Blog_Title, Blog_Description, PublishDate, PublishTime) values (920298133690406, 'Discovering the Magic of Crystal Healing', 'Integer tincidunt ante vel ipsum. Praesent blandit lacinia erat. Vestibulum sed magna at nunc commodo placerat.

Praesent blandit. Nam nulla. Integer pede justo, lacinia eget, tincidunt eget, tempus vel, pede.', '4/21/2022', '5:38 AM');
insert into Blogs (BlogID, Blog_Title, Blog_Description, PublishDate, PublishTime) values (96019270303103, 'The Art of Creating a Vision Board', 'In quis justo. Maecenas rhoncus aliquam lacus. Morbi quis tortor id nulla ultrices aliquet.

Maecenas leo odio, condimentum id, luctus nec, molestie sed, justo. Pellentesque viverra pede ac diam. Cras pellentesque volutpat dui.

Maecenas tristique, est et tempus semper, est quam pharetra magna, ac consequat metus sapien ut nunc. Vestibulum ante ipsum primis in faucibus orci luctus et ultrices posuere cubilia Curae; Mauris viverra diam vitae quam. Suspendisse potenti.', '1/7/2021', '6:07 PM');
insert into Blogs (BlogID, Blog_Title, Blog_Description, PublishDate, PublishTime) values (969690370332205, '10 Tips for Better Stress Management', 'Integer tincidunt ante vel ipsum. Praesent blandit lacinia erat. Vestibulum sed magna at nunc commodo placerat.

Praesent blandit. Nam nulla. Integer pede justo, lacinia eget, tincidunt eget, tempus vel, pede.

Morbi porttitor lorem id ligula. Suspendisse ornare consequat lectus. In est risus, auctor sed, tristique in, tempus sit amet, sem.

Fusce consequat. Nulla nisl. Nunc nisl.', '2/24/2022', '3:27 AM');
insert into Blogs (BlogID, Blog_Title, Blog_Description, PublishDate, PublishTime) values (49093165941620, 'The Benefits of Spending Time in Nature', 'Pellentesque at nulla. Suspendisse potenti. Cras in purus eu magna vulputate luctus.

Cum sociis natoque penatibus et magnis dis parturient montes, nascetur ridiculus mus. Vivamus vestibulum sagittis sapien. Cum sociis natoque penatibus et magnis dis parturient montes, nascetur ridiculus mus.

Etiam vel augue. Vestibulum rutrum rutrum neque. Aenean auctor gravida sem.', '8/24/2022', '9:55 PM');
insert into Blogs (BlogID, Blog_Title, Blog_Description, PublishDate, PublishTime) values (554046985615088, 'How to Cultivate a Positive Mindset', 'Duis consequat dui nec nisi volutpat eleifend. Donec ut dolor. Morbi vel lectus in quam fringilla rhoncus.

Mauris enim leo, rhoncus sed, vestibulum sit amet, cursus id, turpis. Integer aliquet, massa id lobortis convallis, tortor risus dapibus augue, vel accumsan tellus nisi eu orci. Mauris lacinia sapien quis libero.

Nullam sit amet turpis elementum ligula vehicula consequat. Morbi a ipsum. Integer a nibh.

In quis justo. Maecenas rhoncus aliquam lacus. Morbi quis tortor id nulla ultrices aliquet.', '12/6/2023', '6:44 AM');
insert into Blogs (BlogID, Blog_Title, Blog_Description, PublishDate, PublishTime) values (812945569561861, '10 Ways to Stay Connected with Loved Ones', 'Proin eu mi. Nulla ac enim. In tempor, turpis nec euismod scelerisque, quam turpis adipiscing lorem, vitae mattis nibh ligula nec sem.', '2/2/2022', '5:01 PM');
insert into Blogs (BlogID, Blog_Title, Blog_Description, PublishDate, PublishTime) values (941914708918549, 'The Importance of Finding Your Purpose', 'Integer ac leo. Pellentesque ultrices mattis odio. Donec vitae nisi.

Nam ultrices, libero non mattis pulvinar, nulla pede ullamcorper augue, a suscipit nulla elit ac nulla. Sed vel enim sit amet nunc viverra dapibus. Nulla suscipit ligula in lacus.', '11/30/2022', '7:51 AM');
insert into Blogs (BlogID, Blog_Title, Blog_Description, PublishDate, PublishTime) values (554040867663539, 'The Power of Positive Self-Talk', 'Duis aliquam convallis nunc. Proin at turpis a pede posuere nonummy. Integer non velit.

Donec diam neque, vestibulum eget, vulputate ut, ultrices vel, augue. Vestibulum ante ipsum primis in faucibus orci luctus et ultrices posuere cubilia Curae; Donec pharetra, magna vestibulum aliquet ultrices, erat tortor sollicitudin mi, sit amet lobortis sapien sapien non mi. Integer ac neque.

Duis bibendum. Morbi non quam nec dui luctus rutrum. Nulla tellus.', '4/26/2020', '10:52 PM');
insert into Blogs (BlogID, Blog_Title, Blog_Description, PublishDate, PublishTime) values (864758153013201, '10 Fun and Creative DIY Home Projects', 'In congue. Etiam justo. Etiam pretium iaculis justo.', '12/20/2020', '11:04 PM');
insert into Blogs (BlogID, Blog_Title, Blog_Description, PublishDate, PublishTime) values (278488719818995, 'The Joy of Exploring New Hobbies', 'Nullam sit amet turpis elementum ligula vehicula consequat. Morbi a ipsum. Integer a nibh.

In quis justo. Maecenas rhoncus aliquam lacus. Morbi quis tortor id nulla ultrices aliquet.', '8/11/2022', '1:31 AM');
insert into Blogs (BlogID, Blog_Title, Blog_Description, PublishDate, PublishTime) values (558757215619283, 'Discovering the Benefits of Meditation', 'Nulla ut erat id mauris vulputate elementum. Nullam varius. Nulla facilisi.

Cras non velit nec nisi vulputate nonummy. Maecenas tincidunt lacus at velit. Vivamus vel nulla eget eros elementum pellentesque.

Quisque porta volutpat erat. Quisque erat eros, viverra eget, congue eget, semper rutrum, nulla. Nunc purus.

Phasellus in felis. Donec semper sapien a libero. Nam dui.', '5/4/2021', '1:21 PM');
insert into Blogs (BlogID, Blog_Title, Blog_Description, PublishDate, PublishTime) values (245979638928062, 'The Art of Growing Your Own Indoor Garden', 'Pellentesque at nulla. Suspendisse potenti. Cras in purus eu magna vulputate luctus.

Cum sociis natoque penatibus et magnis dis parturient montes, nascetur ridiculus mus. Vivamus vestibulum sagittis sapien. Cum sociis natoque penatibus et magnis dis parturient montes, nascetur ridiculus mus.', '9/22/2020', '6:40 AM');
insert into Blogs (BlogID, Blog_Title, Blog_Description, PublishDate, PublishTime) values (147646222358998, '10 Healthy Lunch Ideas for Work', 'Mauris enim leo, rhoncus sed, vestibulum sit amet, cursus id, turpis. Integer aliquet, massa id lobortis convallis, tortor risus dapibus augue, vel accumsan tellus nisi eu orci. Mauris lacinia sapien quis libero.

Nullam sit amet turpis elementum ligula vehicula consequat. Morbi a ipsum. Integer a nibh.

In quis justo. Maecenas rhoncus aliquam lacus. Morbi quis tortor id nulla ultrices aliquet.', '9/13/2021', '3:53 PM');
insert into Blogs (BlogID, Blog_Title, Blog_Description, PublishDate, PublishTime) values (496447079882722, 'The Benefits of Practicing Mindfulness', 'In quis justo. Maecenas rhoncus aliquam lacus. Morbi quis tortor id nulla ultrices aliquet.

Maecenas leo odio, condimentum id, luctus nec, molestie sed, justo. Pellentesque viverra pede ac diam. Cras pellentesque volutpat dui.', '12/12/2021', '3:59 AM');
insert into Blogs (BlogID, Blog_Title, Blog_Description, PublishDate, PublishTime) values (670769301074195, 'How to Create a Relaxing Evening Routine', 'Curabitur in libero ut massa volutpat convallis. Morbi odio odio, elementum eu, interdum eu, tincidunt in, leo. Maecenas pulvinar lobortis est.

Phasellus sit amet erat. Nulla tempus. Vivamus in felis eu sapien cursus vestibulum.

Proin eu mi. Nulla ac enim. In tempor, turpis nec euismod scelerisque, quam turpis adipiscing lorem, vitae mattis nibh ligula nec sem.

Duis aliquam convallis nunc. Proin at turpis a pede posuere nonummy. Integer non velit.', '10/30/2021', '11:47 PM');
insert into Blogs (BlogID, Blog_Title, Blog_Description, PublishDate, PublishTime) values (950949850969264, '10 Ways to Stay Inspired and Motivated', 'Lorem ipsum dolor sit amet, consectetuer adipiscing elit. Proin risus. Praesent lectus.

Vestibulum quam sapien, varius ut, blandit non, interdum in, ante. Vestibulum ante ipsum primis in faucibus orci luctus et ultrices posuere cubilia Curae; Duis faucibus accumsan odio. Curabitur convallis.

Duis consequat dui nec nisi volutpat eleifend. Donec ut dolor. Morbi vel lectus in quam fringilla rhoncus.

Mauris enim leo, rhoncus sed, vestibulum sit amet, cursus id, turpis. Integer aliquet, massa id lobortis convallis, tortor risus dapibus augue, vel accumsan tellus nisi eu orci. Mauris lacinia sapien quis libero.', '7/24/2020', '12:02 PM');
insert into Blogs (BlogID, Blog_Title, Blog_Description, PublishDate, PublishTime) values (870867847332752, 'The Joy of Exploring New Travel Destinations', 'Praesent id massa id nisl venenatis lacinia. Aenean sit amet justo. Morbi ut odio.

Cras mi pede, malesuada in, imperdiet et, commodo vulputate, justo. In blandit ultrices enim. Lorem ipsum dolor sit amet, consectetuer adipiscing elit.

Proin interdum mauris non ligula pellentesque ultrices. Phasellus id sapien in sapien iaculis congue. Vivamus metus arcu, adipiscing molestie, hendrerit at, vulputate vitae, nisl.', '9/1/2022', '1:54 PM');
insert into Blogs (BlogID, Blog_Title, Blog_Description, PublishDate, PublishTime) values (716163857901729, 'The Importance of Self-Reflection', 'Proin leo odio, porttitor id, consequat in, consequat ut, nulla. Sed accumsan felis. Ut at dolor quis odio consequat varius.

Integer ac leo. Pellentesque ultrices mattis odio. Donec vitae nisi.', '12/23/2020', '9:31 PM');
insert into Blogs (BlogID, Blog_Title, Blog_Description, PublishDate, PublishTime) values (658078075963344, 'The Power of Positive Thinking in Relationships', 'Duis bibendum, felis sed interdum venenatis, turpis enim blandit mi, in porttitor pede justo eu massa. Donec dapibus. Duis at velit eu est congue elementum.', '6/3/2023', '8:55 PM');
insert into Blogs (BlogID, Blog_Title, Blog_Description, PublishDate, PublishTime) values (244838461095190, '10 Tips for Better Emotional Well-Being', 'Quisque porta volutpat erat. Quisque erat eros, viverra eget, congue eget, semper rutrum, nulla. Nunc purus.

Phasellus in felis. Donec semper sapien a libero. Nam dui.

Proin leo odio, porttitor id, consequat in, consequat ut, nulla. Sed accumsan felis. Ut at dolor quis odio consequat varius.

Integer ac leo. Pellentesque ultrices mattis odio. Donec vitae nisi.', '7/30/2022', '10:33 PM');
insert into Blogs (BlogID, Blog_Title, Blog_Description, PublishDate, PublishTime) values (128828338927415, 'The Benefits of Spending Time Alone in Nature', 'Maecenas leo odio, condimentum id, luctus nec, molestie sed, justo. Pellentesque viverra pede ac diam. Cras pellentesque volutpat dui.

Maecenas tristique, est et tempus semper, est quam pharetra magna, ac consequat metus sapien ut nunc. Vestibulum ante ipsum primis in faucibus orci luctus et ultrices posuere cubilia Curae; Mauris viverra diam vitae quam. Suspendisse potenti.

Nullam porttitor lacus at turpis. Donec posuere metus vitae ipsum. Aliquam non mauris.

Morbi non lectus. Aliquam sit amet diam in magna bibendum imperdiet. Nullam orci pede, venenatis non, sodales sed, tincidunt eu, felis.', '3/13/2021', '3:35 PM');
insert into Blogs (BlogID, Blog_Title, Blog_Description, PublishDate, PublishTime) values (824412206456442, 'How to Cultivate a Grateful Heart', 'Proin eu mi. Nulla ac enim. In tempor, turpis nec euismod scelerisque, quam turpis adipiscing lorem, vitae mattis nibh ligula nec sem.

Duis aliquam convallis nunc. Proin at turpis a pede posuere nonummy. Integer non velit.

Donec diam neque, vestibulum eget, vulputate ut, ultrices vel, augue. Vestibulum ante ipsum primis in faucibus orci luctus et ultrices posuere cubilia Curae; Donec pharetra, magna vestibulum aliquet ultrices, erat tortor sollicitudin mi, sit amet lobortis sapien sapien non mi. Integer ac neque.', '3/14/2023', '5:18 PM');
insert into Blogs (BlogID, Blog_Title, Blog_Description, PublishDate, PublishTime) values (317788637945511, '10 Ways to Stay Positive and Optimistic', 'Aenean fermentum. Donec ut mauris eget massa tempor convallis. Nulla neque libero, convallis eget, eleifend luctus, ultricies eu, nibh.

Quisque id justo sit amet sapien dignissim vestibulum. Vestibulum ante ipsum primis in faucibus orci luctus et ultrices posuere cubilia Curae; Nulla dapibus dolor vel est. Donec odio justo, sollicitudin ut, suscipit a, feugiat et, eros.', '1/23/2021', '7:11 AM');
insert into Blogs (BlogID, Blog_Title, Blog_Description, PublishDate, PublishTime) values (321963035108, 'The Joy of Exploring New Fitness Activities', 'Vestibulum ac est lacinia nisi venenatis tristique. Fusce congue, diam id ornare imperdiet, sapien urna pretium nisl, ut volutpat sapien arcu sed augue. Aliquam erat volutpat.', '8/27/2022', '2:12 AM');
insert into Blogs (BlogID, Blog_Title, Blog_Description, PublishDate, PublishTime) values (675473544087383, 'Discovering the Magic of Healing Crystals', 'Aenean fermentum. Donec ut mauris eget massa tempor convallis. Nulla neque libero, convallis eget, eleifend luctus, ultricies eu, nibh.

Quisque id justo sit amet sapien dignissim vestibulum. Vestibulum ante ipsum primis in faucibus orci luctus et ultrices posuere cubilia Curae; Nulla dapibus dolor vel est. Donec odio justo, sollicitudin ut, suscipit a, feugiat et, eros.

Vestibulum ac est lacinia nisi venenatis tristique. Fusce congue, diam id ornare imperdiet, sapien urna pretium nisl, ut volutpat sapien arcu sed augue. Aliquam erat volutpat.

In congue. Etiam justo. Etiam pretium iaculis justo.', '5/13/2020', '3:34 PM');
insert into Blogs (BlogID, Blog_Title, Blog_Description, PublishDate, PublishTime) values (593724357445750, 'The Art of Creating a Gratitude Journal', 'Cum sociis natoque penatibus et magnis dis parturient montes, nascetur ridiculus mus. Vivamus vestibulum sagittis sapien. Cum sociis natoque penatibus et magnis dis parturient montes, nascetur ridiculus mus.

Etiam vel augue. Vestibulum rutrum rutrum neque. Aenean auctor gravida sem.

Praesent id massa id nisl venenatis lacinia. Aenean sit amet justo. Morbi ut odio.', '2/1/2022', '5:11 AM');
insert into Blogs (BlogID, Blog_Title, Blog_Description, PublishDate, PublishTime) values (610456514728879, '10 Tips for Better Mental Health', 'Vestibulum quam sapien, varius ut, blandit non, interdum in, ante. Vestibulum ante ipsum primis in faucibus orci luctus et ultrices posuere cubilia Curae; Duis faucibus accumsan odio. Curabitur convallis.', '7/18/2020', '8:09 PM');
insert into Blogs (BlogID, Blog_Title, Blog_Description, PublishDate, PublishTime) values (968137391338173, 'The Benefits of Practicing Self-Compassion', 'Vestibulum ac est lacinia nisi venenatis tristique. Fusce congue, diam id ornare imperdiet, sapien urna pretium nisl, ut volutpat sapien arcu sed augue. Aliquam erat volutpat.

In congue. Etiam justo. Etiam pretium iaculis justo.

In hac habitasse platea dictumst. Etiam faucibus cursus urna. Ut tellus.

Nulla ut erat id mauris vulputate elementum. Nullam varius. Nulla facilisi.', '11/18/2023', '1:48 AM');
insert into Blogs (BlogID, Blog_Title, Blog_Description, PublishDate, PublishTime) values (31915211749839, 'How to Create a Relaxing Morning Routine', 'Proin interdum mauris non ligula pellentesque ultrices. Phasellus id sapien in sapien iaculis congue. Vivamus metus arcu, adipiscing molestie, hendrerit at, vulputate vitae, nisl.

Aenean lectus. Pellentesque eget nunc. Donec quis orci eget orci vehicula condimentum.', '6/5/2022', '11:36 AM');



--has_written
INSERT INTO has_written (BlogID, Login_ID) VALUES (867275618607336, 56426096);
INSERT INTO has_written (BlogID, Login_ID) VALUES (742226036283842, 24722292);
INSERT INTO has_written (BlogID, Login_ID) VALUES (617325434174125, 95037312);
INSERT INTO has_written (BlogID, Login_ID) VALUES (18507325402074, 37513341);
INSERT INTO has_written (BlogID, Login_ID) VALUES (405402542194489, 65469628);
INSERT INTO has_written (BlogID, Login_ID) VALUES (878505677327746, 19925288);
INSERT INTO has_written (BlogID, Login_ID) VALUES (589919455995314, 51737445);
INSERT INTO has_written (BlogID, Login_ID) VALUES (77765448409072, 30324430);
INSERT INTO has_written (BlogID, Login_ID) VALUES (825168994130914, 85893411);
INSERT INTO has_written (BlogID, Login_ID) VALUES (131976095334243, 56426096);
INSERT INTO has_written (BlogID, Login_ID) VALUES (93197380670240, 24722292);
INSERT INTO has_written (BlogID, Login_ID) VALUES (946793294592491, 95037312);
INSERT INTO has_written (BlogID, Login_ID) VALUES (227043384540470, 37513341);
INSERT INTO has_written (BlogID, Login_ID) VALUES (641925409380879, 65469628);
INSERT INTO has_written (BlogID, Login_ID) VALUES (964123333242913, 19925288);
INSERT INTO has_written (BlogID, Login_ID) VALUES (676967093655839, 51737445);
INSERT INTO has_written (BlogID, Login_ID) VALUES (713644817570150, 30324430);
INSERT INTO has_written (BlogID, Login_ID) VALUES (735901418689246, 85893411);
INSERT INTO has_written (BlogID, Login_ID) VALUES (277301526149785, 56426096);
INSERT INTO has_written (BlogID, Login_ID) VALUES (486104878685766, 24722292);
INSERT INTO has_written (BlogID, Login_ID) VALUES (956555189558329, 95037312);
INSERT INTO has_written (BlogID, Login_ID) VALUES (603964324392219, 37513341);
INSERT INTO has_written (BlogID, Login_ID) VALUES (700435312529429, 65469628);
INSERT INTO has_written (BlogID, Login_ID) VALUES (571199646703004, 19925288);
INSERT INTO has_written (BlogID, Login_ID) VALUES (212873722788446, 51737445);
INSERT INTO has_written (BlogID, Login_ID) VALUES (609946120266105, 30324430);
INSERT INTO has_written (BlogID, Login_ID) VALUES (274123112035232, 85893411);
INSERT INTO has_written (BlogID, Login_ID) VALUES (562493032270127, 56426096);
INSERT INTO has_written (BlogID, Login_ID) VALUES (136706312476239, 24722292);
INSERT INTO has_written (BlogID, Login_ID) VALUES (910421888235056, 95037312);
INSERT INTO has_written (BlogID, Login_ID) VALUES (274774780571944, 37513341);
INSERT INTO has_written (BlogID, Login_ID) VALUES (856812783298030, 65469628);
INSERT INTO has_written (BlogID, Login_ID) VALUES (788020980826807, 19925288);
INSERT INTO has_written (BlogID, Login_ID) VALUES (302245962079628, 51737445);
INSERT INTO has_written (BlogID, Login_ID) VALUES (486953203614554, 30324430);
INSERT INTO has_written (BlogID, Login_ID) VALUES (22662375570631, 85893411);
INSERT INTO has_written (BlogID, Login_ID) VALUES (558324045865433, 56426096);
INSERT INTO has_written (BlogID, Login_ID) VALUES (411564260369519, 24722292);
INSERT INTO has_written (BlogID, Login_ID) VALUES (750800022296141, 95037312);
INSERT INTO has_written (BlogID, Login_ID) VALUES (581021303457257, 37513341);
INSERT INTO has_written (BlogID, Login_ID) VALUES (922531938009838, 65469628);
INSERT INTO has_written (BlogID, Login_ID) VALUES (380251700482402, 19925288);
INSERT INTO has_written (BlogID, Login_ID) VALUES (98114836888353, 51737445);
INSERT INTO has_written (BlogID, Login_ID) VALUES (196599841297002, 30324430);
INSERT INTO has_written (BlogID, Login_ID) VALUES (85498044771636, 85893411);
INSERT INTO has_written (BlogID, Login_ID) VALUES (938436068891008, 56426096);
INSERT INTO has_written (BlogID, Login_ID) VALUES (678576598044962, 24722292);
INSERT INTO has_written (BlogID, Login_ID) VALUES (514748380263742, 95037312);
INSERT INTO has_written (BlogID, Login_ID) VALUES (568797193492454, 37513341);
INSERT INTO has_written (BlogID, Login_ID) VALUES (226074927401520, 65469628);
INSERT INTO has_written (BlogID, Login_ID) VALUES (33306327682532, 19925288);
INSERT INTO has_written (BlogID, Login_ID) VALUES (486052306498039, 51737445);
INSERT INTO has_written (BlogID, Login_ID) VALUES (647338480073869, 30324430);
INSERT INTO has_written (BlogID, Login_ID) VALUES (855700863090185, 85893411);
INSERT INTO has_written (BlogID, Login_ID) VALUES (608474435204113, 56426096);
INSERT INTO has_written (BlogID, Login_ID) VALUES (318404571405965, 24722292);
INSERT INTO has_written (BlogID, Login_ID) VALUES (617326906518320, 95037312);
INSERT INTO has_written (BlogID, Login_ID) VALUES (234342629020833, 37513341);
INSERT INTO has_written (BlogID, Login_ID) VALUES (987129396080338, 65469628);
INSERT INTO has_written (BlogID, Login_ID) VALUES (757511522227168, 19925288);
INSERT INTO has_written (BlogID, Login_ID) VALUES (744688247247366, 51737445);
INSERT INTO has_written (BlogID, Login_ID) VALUES (783219882227248, 30324430);
INSERT INTO has_written (BlogID, Login_ID) VALUES (337585181706465, 85893411);
INSERT INTO has_written (BlogID, Login_ID) VALUES (70378234101531, 56426096);
INSERT INTO has_written (BlogID, Login_ID) VALUES (41735205797143, 24722292);
INSERT INTO has_written (BlogID, Login_ID) VALUES (116139323825058, 95037312);
INSERT INTO has_written (BlogID, Login_ID) VALUES (539860871511395, 37513341);
INSERT INTO has_written (BlogID, Login_ID) VALUES (605486486353379, 65469628);
INSERT INTO has_written (BlogID, Login_ID) VALUES (726019259862728, 19925288);
INSERT INTO has_written (BlogID, Login_ID) VALUES (875138077225187, 51737445);
INSERT INTO has_written (BlogID, Login_ID) VALUES (620208005394413, 30324430);
INSERT INTO has_written (BlogID, Login_ID) VALUES (920298133690406, 85893411);
INSERT INTO has_written (BlogID, Login_ID) VALUES (96019270303103, 56426096);
INSERT INTO has_written (BlogID, Login_ID) VALUES (969690370332205, 24722292);
INSERT INTO has_written (BlogID, Login_ID) VALUES (49093165941620, 95037312);
INSERT INTO has_written (BlogID, Login_ID) VALUES (554046985615088, 37513341);
INSERT INTO has_written (BlogID, Login_ID) VALUES (812945569561861, 65469628);
INSERT INTO has_written (BlogID, Login_ID) VALUES (941914708918549, 19925288);
INSERT INTO has_written (BlogID, Login_ID) VALUES (554040867663539, 51737445);
INSERT INTO has_written (BlogID, Login_ID) VALUES (864758153013201, 30324430);
INSERT INTO has_written (BlogID, Login_ID) VALUES (278488719818995, 85893411);
INSERT INTO has_written (BlogID, Login_ID) VALUES (558757215619283, 56426096);
INSERT INTO has_written (BlogID, Login_ID) VALUES (245979638928062, 24722292);
INSERT INTO has_written (BlogID, Login_ID) VALUES (147646222358998, 95037312);
INSERT INTO has_written (BlogID, Login_ID) VALUES (496447079882722, 37513341);
INSERT INTO has_written (BlogID, Login_ID) VALUES (670769301074195, 65469628);
INSERT INTO has_written (BlogID, Login_ID) VALUES (950949850969264, 19925288);
INSERT INTO has_written (BlogID, Login_ID) VALUES (870867847332752, 51737445);
INSERT INTO has_written (BlogID, Login_ID) VALUES (716163857901729, 30324430);
INSERT INTO has_written (BlogID, Login_ID) VALUES (658078075963344, 85893411);
INSERT INTO has_written (BlogID, Login_ID) VALUES (244838461095190, 56426096);
INSERT INTO has_written (BlogID, Login_ID) VALUES (128828338927415, 24722292);
INSERT INTO has_written (BlogID, Login_ID) VALUES (824412206456442, 95037312);
INSERT INTO has_written (BlogID, Login_ID) VALUES (317788637945511, 37513341);
INSERT INTO has_written (BlogID, Login_ID) VALUES (321963035108, 65469628);
INSERT INTO has_written (BlogID, Login_ID) VALUES (675473544087383, 19925288);
INSERT INTO has_written (BlogID, Login_ID) VALUES (593724357445750, 51737445);
INSERT INTO has_written (BlogID, Login_ID) VALUES (610456514728879, 30324430);
INSERT INTO has_written (BlogID, Login_ID) VALUES (968137391338173, 85893411);
INSERT INTO has_written (BlogID, Login_ID) VALUES (31915211749839, 56426096);

